Label (Grouping),Arkansas!!Male!!Margin of Error,"Arkansas County, Arkansas!!Male!!Margin of Error","Ashley County, Arkansas!!Male!!Margin of Error","Baxter County, Arkansas!!Male!!Margin of Error","Benton County, Arkansas!!Male!!Margin of Error","Boone County, Arkansas!!Male!!Margin of Error","Bradley County, Arkansas!!Male!!Margin of Error","Calhoun County, Arkansas!!Male!!Margin of Error","Carroll County, Arkansas!!Male!!Margin of Error","Chicot County, Arkansas!!Male!!Margin of Error","Clark County, Arkansas!!Male!!Margin of Error","Clay County, Arkansas!!Male!!Margin of Error","Cleburne County, Arkansas!!Male!!Margin of Error","Cleveland County, Arkansas!!Male!!Margin of Error","Columbia County, Arkansas!!Male!!Margin of Error","Conway County, Arkansas!!Male!!Margin of Error","Craighead County, Arkansas!!Male!!Margin of Error","Crawford County, Arkansas!!Male!!Margin of Error","Crittenden County, Arkansas!!Male!!Margin of Error","Cross County, Arkansas!!Male!!Margin of Error","Dallas County, Arkansas!!Male!!Margin of Error","Desha County, Arkansas!!Male!!Margin of Error","Drew County, Arkansas!!Male!!Margin of Error","Faulkner County, Arkansas!!Male!!Margin of Error","Franklin County, Arkansas!!Male!!Margin of Error","Fulton County, Arkansas!!Male!!Margin of Error","Garland County, Arkansas!!Male!!Margin of Error","Grant County, Arkansas!!Male!!Margin of Error","Greene County, Arkansas!!Male!!Margin of Error","Hempstead County, Arkansas!!Male!!Margin of Error","Hot Spring County, Arkansas!!Male!!Margin of Error","Howard County, Arkansas!!Male!!Margin of Error","Independence County, Arkansas!!Male!!Margin of Error","Izard County, Arkansas!!Male!!Margin of Error","Jackson County, Arkansas!!Male!!Margin of Error","Jefferson County, Arkansas!!Male!!Margin of Error","Johnson County, Arkansas!!Male!!Margin of Error","Lafayette County, Arkansas!!Male!!Margin of Error","Lawrence County, Arkansas!!Male!!Margin of Error","Lee County, Arkansas!!Male!!Margin of Error","Lincoln County, Arkansas!!Male!!Margin of Error","Little River County, Arkansas!!Male!!Margin of Error","Logan County, Arkansas!!Male!!Margin of Error","Lonoke County, Arkansas!!Male!!Margin of Error","Madison County, Arkansas!!Male!!Margin of Error","Marion County, Arkansas!!Male!!Margin of Error","Miller County, Arkansas!!Male!!Margin of Error","Mississippi County, Arkansas!!Male!!Margin of Error","Monroe County, Arkansas!!Male!!Margin of Error","Montgomery County, Arkansas!!Male!!Margin of Error","Nevada County, Arkansas!!Male!!Margin of Error","Newton County, Arkansas!!Male!!Margin of Error","Ouachita County, Arkansas!!Male!!Margin of Error","Perry County, Arkansas!!Male!!Margin of Error","Phillips County, Arkansas!!Male!!Margin of Error","Pike County, Arkansas!!Male!!Margin of Error","Poinsett County, Arkansas!!Male!!Margin of Error","Polk County, Arkansas!!Male!!Margin of Error","Pope County, Arkansas!!Male!!Margin of Error","Prairie County, Arkansas!!Male!!Margin of Error","Pulaski County, Arkansas!!Male!!Margin of Error","Randolph County, Arkansas!!Male!!Margin of Error","St. Francis County, Arkansas!!Male!!Margin of Error","Saline County, Arkansas!!Male!!Margin of Error","Scott County, Arkansas!!Male!!Margin of Error","Searcy County, Arkansas!!Male!!Margin of Error","Sebastian County, Arkansas!!Male!!Margin of Error","Sevier County, Arkansas!!Male!!Margin of Error","Sharp County, Arkansas!!Male!!Margin of Error","Stone County, Arkansas!!Male!!Margin of Error","Union County, Arkansas!!Male!!Margin of Error","Van Buren County, Arkansas!!Male!!Margin of Error","Washington County, Arkansas!!Male!!Margin of Error","White County, Arkansas!!Male!!Margin of Error","Woodruff County, Arkansas!!Male!!Margin of Error","Yell County, Arkansas!!Male!!Margin of Error"
AGE BY EDUCATIONAL ATTAINMENT,,,,,,,,,,,,,,,,,,,,,,,,,,,,,,,,,,,,,,,,,,,,,,,,,,,,,,,,,,,,,,,,,,,,,,,,,,,,
    Population 18 to 24 years,±850,±62,±108,±79,±19,±66,±75,±74,±119,±117,±105,±27,±60,±17,±119,±119,±336,±82,±35,±80,±65,±90,±75,±126,±133,±39,±108,±60,±96,±89,±102,±80,±110,±55,±103,±83,±99,±17,±45,±104,±159,±49,±46,±124,±83,±15,±88,±95,±35,±29,±78,±85,±117,±41,±170,±49,±66,±26,±235,±25,±68,±55,±66,±107,±43,±18,±64,±132,±45,±68,±108,±94,±99,±90,±34,±44
        Less than high school graduate,"±1,090",±52,±161,±111,±300,±111,±37,±30,±155,±57,±35,±42,±78,±42,±100,±51,±150,±113,±123,±74,±72,±53,±57,±194,±106,±50,±175,±32,±137,±54,±96,±70,±109,±60,±72,±135,±87,±34,±46,±54,±78,±46,±83,±128,±65,±82,±131,±100,±50,±58,±116,±3,±131,±32,±92,±48,±78,±100,±112,±44,±428,±71,±120,±192,±51,±24,±181,±109,±70,±70,±106,±75,±378,±149,±32,±48
        High school graduate (includes equivalency),"±1,639",±95,±131,±166,±385,±126,±64,±74,±129,±106,±200,±69,±110,±52,±220,±98,±440,±222,±157,±107,±61,±74,±154,±380,±171,±100,±270,±87,±177,±141,±137,±117,±140,±68,±127,±246,±135,±40,±85,±99,±142,±57,±100,±200,±97,±55,±222,±221,±53,±59,±122,±86,±122,±54,±166,±77,±89,±87,±340,±61,±694,±97,±102,±364,±55,±51,±364,±131,±70,±97,±176,±69,±640,±254,±38,±152
        Some college or associate's degree,"±1,826",±75,±102,±139,±418,±151,±82,±37,±108,±75,±233,±68,±89,±32,±219,±167,±355,±221,±171,±107,±52,±68,±181,±525,±77,±86,±262,±89,±174,±154,±133,±102,±177,±59,±60,±260,±161,±42,±84,±61,±90,±74,±99,±189,±70,±78,±169,±168,±65,±50,±71,±62,±165,±74,±142,±76,±71,±62,±352,±40,±771,±76,±101,±289,±56,±45,±322,±130,±81,±79,±192,±80,±772,±282,±38,±150
        Bachelor's degree or higher,±988,±35,±23,±17,±229,±33,±10,±37,±91,±8,±137,±13,±47,±28,±81,±12,±262,±37,±24,±21,±17,±11,±111,±322,±41,±19,±116,±2,±86,±9,±84,±23,±20,±3,±52,±87,±65,±21,±40,±16,±98,±19,±34,±90,±13,±18,±206,±97,±17,±17,±6,±24,±51,±2,±83,±19,±18,±19,±174,±62,±543,±18,±2,±130,±22,±32,±85,±80,±4,±21,±89,±19,±366,±116,±26,±22
    Population 25 years and over,"±1,059",±80,±108,±100,±67,±159,±76,±94,±184,±115,±109,±77,±117,±123,±157,±128,±227,±133,±51,±162,±65,±90,±77,±127,±128,±48,±115,±74,±112,±111,±153,±118,±146,±141,±120,±93,±217,±29,±68,±122,±142,±111,±109,±151,±157,±75,±93,±94,±32,±47,±78,±130,±138,±111,±179,±63,±63,±44,±279,±48,±82,±93,±91,±118,±135,±78,±64,±151,±106,±70,±138,±83,±133,±124,±34,±90
        Less than 9th grade,"±1,889",±106,±121,±158,±481,±160,±88,±32,±207,±100,±81,±95,±155,±26,±132,±118,±359,±271,±182,±148,±47,±98,±82,±309,±123,±124,±351,±88,±158,±94,±143,±63,±159,±167,±101,±249,±160,±59,±133,±87,±108,±58,±108,±190,±127,±106,±300,±203,±88,±73,±99,±61,±102,±74,±112,±87,±126,±128,±245,±63,±624,±137,±163,±293,±123,±96,±491,±154,±82,±187,±147,±185,±859,±257,±46,±142
"        9th to 12th grade, no diploma","±2,424",±95,±146,±326,±553,±232,±116,±91,±170,±140,±146,±119,±227,±117,±240,±170,±392,±455,±276,±222,±90,±121,±190,±309,±173,±133,±537,±154,±324,±164,±248,±134,±280,±157,±141,±325,±239,±105,±123,±108,±197,±152,±138,±318,±159,±175,±236,±252,±99,±135,±91,±64,±202,±68,±177,±74,±187,±184,±405,±108,±743,±163,±310,±438,±124,±100,±548,±180,±196,±187,±259,±121,±593,±588,±80,±261
        High school graduate (includes equivalency),"±4,078",±255,±290,±441,±976,±443,±215,±171,±348,±178,±232,±208,±336,±176,±332,±307,±811,±515,±385,±257,±164,±168,±256,±716,±235,±238,±681,±357,±485,±293,±453,±184,±459,±278,±224,±578,±293,±126,±209,±174,±264,±223,±270,±629,±330,±274,±560,±410,±154,±171,±193,±208,±375,±155,±277,±163,±241,±269,±578,±136,"±1,423",±316,±295,±825,±212,±168,±738,±289,±230,±265,±452,±319,"±1,165",±630,±113,±312
"        Some college, no degree","±3,199",±159,±207,±369,±887,±379,±166,±126,±378,±177,±263,±171,±258,±169,±284,±175,±554,±461,±320,±184,±143,±143,±234,±600,±237,±188,±670,±262,±432,±195,±403,±207,±378,±204,±204,±510,±303,±87,±193,±143,±153,±157,±202,±457,±246,±252,±400,±440,±70,±178,±143,±143,±284,±161,±318,±169,±232,±255,±428,±99,"±1,315",±233,±253,±707,±140,±148,±752,±179,±185,±206,±349,±186,±952,±514,±62,±226
        Associate's degree,"±1,977",±142,±104,±333,±500,±163,±96,±69,±188,±62,±93,±66,±178,±72,±152,±159,±385,±271,±209,±78,±102,±79,±134,±377,±196,±97,±435,±116,±264,±145,±262,±112,±177,±115,±150,±246,±76,±46,±74,±67,±63,±49,±100,±351,±91,±113,±191,±242,±48,±63,±46,±42,±112,±76,±89,±64,±66,±124,±285,±76,±909,±155,±175,±518,±74,±100,±406,±68,±109,±138,±270,±106,±472,±362,±92,±66
        Bachelor's degree,"±3,618",±128,±120,±317,"±1,276",±308,±89,±80,±278,±88,±203,±110,±178,±95,±276,±222,±618,±491,±258,±93,±74,±93,±199,±594,±170,±161,±546,±207,±243,±151,±224,±102,±260,±140,±138,±300,±184,±79,±121,±91,±112,±116,±118,±385,±103,±133,±271,±221,±67,±93,±74,±86,±170,±185,±159,±112,±132,±168,±439,±73,"±1,210",±134,±241,±593,±109,±83,±627,±153,±135,±174,±257,±120,±936,±466,±88,±168
        Graduate or professional degree,"±2,128",±80,±46,±197,±728,±227,±40,±44,±144,±64,±131,±110,±149,±44,±129,±83,±414,±194,±195,±85,±17,±45,±118,±576,±69,±80,±350,±113,±155,±134,±172,±70,±180,±95,±96,±192,±129,±39,±72,±27,±51,±102,±93,±224,±89,±111,±308,±211,±40,±47,±75,±65,±148,±85,±78,±78,±56,±127,±262,±32,"±1,054",±128,±132,±348,±104,±48,±500,±87,±77,±76,±177,±102,±778,±319,±75,±140
        High school graduate or higher,"±3,091",±158,±192,±363,±711,±308,±160,±98,±313,±153,±184,±164,±289,±128,±279,±223,±463,±520,±290,±277,±104,±171,±212,±448,±203,±180,±623,±181,±388,±193,±310,±140,±314,±263,±168,±417,±324,±118,±173,±190,±298,±176,±165,±411,±248,±195,±379,±308,±120,±142,±151,±165,±237,±133,±250,±116,±235,±207,±525,±119,±914,±220,±347,±558,±213,±139,±680,±197,±211,±302,±285,±228,±925,±619,±92,±298
        Bachelor's degree or higher,"±4,130",±152,±122,±358,"±1,387",±349,±95,±83,±279,±99,±245,±158,±228,±105,±302,±229,±740,±523,±314,±135,±76,±90,±244,±734,±176,±168,±638,±240,±271,±186,±295,±130,±289,±163,±170,±334,±232,±94,±142,±96,±120,±157,±160,±465,±141,±163,±452,±294,±84,±98,±98,±106,±213,±196,±174,±145,±145,±198,±468,±78,"±1,429",±185,±273,±619,±146,±96,±824,±171,±152,±184,±318,±150,"±1,149",±609,±103,±216
    Population 25 to 34 years,±964,±122,±89,±79,±107,±71,±100,±110,±148,±147,±133,±35,±109,±85,±147,±90,±181,±252,±50,±87,±130,±132,±105,±116,±33,±22,±201,±61,±89,±173,±142,±108,±107,±118,±116,±98,±118,±56,±61,±157,±191,±82,±57,±155,±163,±69,±78,±158,±93,±30,±82,±85,±116,±60,±153,±35,±88,±42,±265,±53,±99,±103,±191,±91,±105,±53,±65,±206,±44,±36,±84,±60,±218,±179,±42,±72
        High school graduate or higher,"±1,435",±115,±103,±186,±361,±106,±99,±105,±170,±112,±135,±27,±141,±85,±151,±91,±216,±242,±150,±102,±128,±132,±115,±227,±40,±34,±288,±101,±169,±168,±168,±103,±137,±91,±115,±154,±91,±45,±75,±164,±209,±88,±69,±222,±174,±90,±183,±183,±89,±25,±97,±85,±123,±62,±152,±33,±121,±45,±337,±43,±530,±120,±152,±200,±126,±58,±231,±154,±88,±84,±120,±89,±409,±429,±49,±91
        Bachelor's degree or higher,"±1,599",±61,±35,±124,±551,±124,±35,±12,±84,±19,±88,±55,±53,±41,±135,±111,±347,±229,±177,±52,±27,±32,±124,±350,±36,±66,±297,±80,±153,±113,±134,±65,±114,±31,±63,±174,±90,±33,±70,±71,±64,±57,±73,±249,±17,±53,±149,±161,±38,±17,±20,±31,±72,±71,±69,±80,±79,±88,±256,±39,±793,±77,±119,±277,±38,±17,±343,±96,±22,±82,±122,±34,±566,±192,±21,±67
    Population 35 to 44 years,±835,±102,±93,±57,±107,±44,±104,±99,±95,±108,±76,±73,±37,±73,±33,±82,±117,±207,±37,±77,±93,±79,±93,±111,±44,±21,±157,±46,±84,±143,±125,±86,±120,±43,±50,±119,±114,±46,±57,±122,±201,±94,±56,±137,±63,±34,±61,±85,±102,±36,±82,±17,±110,±95,±130,±72,±51,±54,±211,±22,±67,±69,±206,±281,±82,±15,±127,±141,±42,±46,±101,±22,±190,±133,±37,±139
        High school graduate or higher,"±1,279",±106,±67,±139,±283,±109,±118,±102,±117,±98,±83,±86,±135,±106,±140,±142,±214,±202,±104,±133,±73,±86,±92,±137,±44,±60,±254,±95,±145,±101,±153,±115,±116,±109,±62,±228,±97,±52,±30,±133,±197,±89,±98,±205,±111,±43,±101,±105,±107,±65,±88,±11,±141,±101,±132,±39,±95,±89,±157,±40,±399,±104,±212,±267,±89,±15,±313,±145,±96,±117,±161,±150,±389,±161,±39,±146
        Bachelor's degree or higher,"±1,385",±69,±88,±187,±501,±117,±39,±12,±89,±48,±79,±57,±90,±49,±134,±78,±334,±202,±122,±59,±49,±58,±130,±354,±102,±36,±254,±115,±128,±88,±167,±88,±182,±49,±77,±157,±91,±35,±40,±28,±36,±88,±55,±193,±58,±105,±147,±146,±23,±35,±17,±17,±100,±126,±95,±65,±71,±46,±211,±16,±620,±72,±174,±277,±81,±54,±325,±42,±79,±81,±119,±50,±526,±220,±49,±129
    Population 45 to 64 years,±878,±71,±34,±107,±88,±118,±89,±88,±125,±72,±75,±50,±64,±68,±51,±64,±168,±172,±41,±131,±87,±46,±71,±134,±99,±47,±187,±50,±71,±166,±116,±108,±110,±55,±45,±120,±259,±42,±44,±127,±292,±105,±88,±151,±96,±39,±75,±103,±75,±43,±87,±67,±67,±56,±99,±80,±69,±62,±195,±21,±18,±73,±70,±302,±129,±44,±127,±117,±60,±50,±77,±66,±158,±209,±44,±128
        High school graduate or higher,"±1,676",±97,±120,±250,±450,±264,±97,±77,±202,±106,±121,±96,±144,±64,±88,±115,±216,±325,±177,±166,±98,±89,±120,±254,±139,±137,±361,±140,±194,±184,±180,±118,±242,±142,±116,±261,±281,±84,±87,±125,±299,±124,±108,±286,±171,±143,±249,±250,±97,±89,±112,±92,±178,±68,±145,±88,±152,±132,±301,±60,±513,±158,±120,±431,±112,±92,±436,±155,±116,±151,±193,±102,±433,±394,±60,±236
        Bachelor's degree or higher,"±2,021",±97,±52,±268,±721,±238,±51,±58,±164,±58,±130,±93,±161,±68,±143,±158,±409,±293,±195,±79,±46,±62,±104,±419,±96,±109,±439,±149,±211,±89,±170,±80,±165,±117,±106,±207,±126,±57,±87,±50,±47,±68,±93,±296,±92,±77,±227,±171,±30,±65,±33,±72,±111,±66,±88,±76,±91,±108,±250,±45,±669,±77,±75,±336,±107,±26,±422,±103,±96,±100,±225,±97,±680,±381,±75,±116
    Population 65 years and over,±397,±3,±24,±42,±106,±70,±19,±46,±56,±28,±20,±34,±58,±39,±25,±24,±62,±120,±26,±2,*****,±12,±4,±49,±47,±22,±102,±58,±31,±55,±52,±41,±56,±46,±2,±60,±53,±2,±46,±2,±16,±71,±59,±63,±58,±35,±54,±42,±2,±34,*****,±54,±36,±13,±12,±24,±11,±57,±73,±4,±4,±25,±44,±77,±89,±47,*****,±85,±97,±6,±33,±15,±76,±148,*****,±45
        High school graduate or higher,"±1,434",±89,±101,±177,±283,±149,±88,±34,±118,±69,±88,±95,±154,±44,±167,±112,±203,±285,±144,±104,±46,±93,±127,±287,±120,±95,±310,±84,±191,±86,±155,±101,±149,±74,±104,±193,±110,±75,±115,±76,±80,±106,±116,±135,±105,±119,±164,±138,±68,±76,±76,±85,±93,±52,±130,±73,±112,±141,±205,±92,±338,±103,±126,±254,±94,±86,±356,±71,±140,±185,±130,±97,±589,±239,±59,±127
        Bachelor's degree or higher,"±1,724",±67,±66,±238,±739,±178,±64,±42,±201,±78,±154,±67,±119,±44,±133,±98,±258,±273,±115,±84,±25,±56,±98,±248,±67,±63,±301,±117,±121,±88,±141,±49,±150,±89,±63,±158,±106,±44,±63,±22,±69,±71,±74,±211,±62,±104,±246,±107,±59,±62,±87,±76,±134,±88,±81,±53,±57,±114,±259,±34,±585,±117,±99,±405,±49,±64,±329,±66,±96,±92,±132,±89,±350,±307,±56,±110
RACE AND HISPANIC OR LATINO ORIGIN BY EDUCATIONAL ATTAINMENT,,,,,,,,,,,,,,,,,,,,,,,,,,,,,,,,,,,,,,,,,,,,,,,,,,,,,,,,,,,,,,,,,,,,,,,,,,,,
    White alone,"±1,856",±63,±113,±147,"±1,203",±68,±103,±61,±221,±67,±37,±75,±177,±5,±66,±88,±296,±209,±54,±130,±48,±64,±65,±182,±29,±37,±191,±32,±162,±44,±92,±60,±91,±233,±38,±84,±118,±32,±50,±115,±48,±52,±91,±212,±83,±42,±120,±120,±12,±35,±19,±86,±76,±42,±126,±83,±91,±62,±245,±47,±481,±106,±73,±302,±83,±65,±239,±128,±56,±96,±107,±81,±693,±139,±17,±98
        High school graduate or higher,"±2,978",±156,±126,±350,"±1,175",±275,±116,±80,±299,±87,±131,±148,±282,±107,±202,±194,±392,±468,±200,±215,±96,±115,±162,±437,±181,±196,±565,±179,±373,±119,±245,±119,±277,±252,±146,±295,±208,±107,±150,±139,±146,±117,±149,±389,±196,±177,±333,±290,±75,±132,±95,±126,±148,±95,±197,±114,±215,±195,±427,±111,±686,±231,±199,±614,±158,±133,±558,±144,±209,±304,±240,±213,±785,±613,±68,±247
        Bachelor's degree or higher,"±3,626",±138,±117,±348,"±1,139",±314,±92,±58,±284,±91,±205,±158,±210,±91,±266,±222,±674,±507,±250,±121,±69,±85,±221,±687,±175,±168,±618,±238,±267,±173,±299,±111,±288,±161,±160,±204,±228,±77,±132,±77,±85,±142,±159,±438,±141,±159,±418,±213,±75,±96,±66,±106,±203,±139,±152,±140,±138,±197,±438,±78,"±1,156",±160,±103,±605,±130,±96,±751,±131,±152,±183,±285,±150,"±1,077",±557,±83,±191
"    White alone, not Hispanic or Latino","±1,363",±8,±84,±126,"±1,146",±22,±19,±59,±100,±48,±23,±60,±146,±5,±23,±23,±138,±57,±26,±16,±42,±19,±31,±137,±12,±32,±34,±19,±123,±23,±74,±19,±77,±230,±31,±10,±11,±17,±19,±72,±13,±7,±83,±138,±46,±19,±10,±74,±10,±17,±19,±86,±23,±16,±93,±77,±79,±29,±25,±36,±162,±97,±23,±278,±10,±62,±13,±20,±35,±83,±26,±67,±378,±32,±17,±6
        High school graduate or higher,"±2,649",±133,±120,±359,"±1,082",±266,±97,±80,±246,±80,±122,±141,±272,±107,±192,±177,±383,±450,±200,±184,±91,±98,±140,±411,±177,±194,±557,±172,±371,±117,±231,±113,±269,±251,±142,±287,±184,±107,±147,±104,±135,±117,±154,±353,±180,±176,±329,±285,±75,±130,±95,±126,±134,±84,±167,±115,±214,±191,±391,±108,±567,±219,±185,±574,±148,±133,±514,±123,±204,±286,±228,±213,±734,±606,±68,±233
        Bachelor's degree or higher,"±3,527",±138,±117,±340,"±1,078",±314,±92,±58,±285,±91,±206,±158,±210,±91,±266,±222,±665,±513,±249,±121,±66,±83,±221,±675,±175,±168,±620,±238,±267,±174,±288,±111,±287,±161,±157,±201,±224,±77,±132,±54,±85,±142,±159,±451,±141,±159,±416,±212,±75,±96,±66,±105,±203,±139,±152,±139,±138,±195,±436,±78,"±1,133",±160,±102,±607,±130,±96,±735,±125,±152,±183,±283,±146,"±1,062",±559,±83,±191
    Black alone,±909,±79,±77,±29,±186,±13,±63,±73,±54,±98,±102,±31,±71,±128,±152,±75,±142,±103,±252,±128,±53,±88,±122,±84,±52,±10,±85,±63,±69,±91,±112,±83,±107,±39,±88,±81,±54,±34,±61,±82,±145,±53,±34,±91,±16,±13,±60,±37,±33,±2,±84,±17,±72,±106,±136,±41,±82,±35,±169,±36,±304,±43,±116,±67,±83,±2,±186,±76,±29,±13,±11,±57,±224,±139,±34,±107
        High school graduate or higher,"±1,290",±92,±148,±21,±187,±13,±97,±62,±54,±116,±131,±32,±67,±110,±196,±90,±217,±99,±283,±126,±86,±129,±131,±159,±45,±10,±173,±62,±62,±152,±140,±86,±81,±25,±87,±280,±47,±47,±63,±131,±208,±79,±43,±113,±16,±10,±167,±152,±96,±2,±109,±17,±150,±106,±196,±40,±78,±35,±139,±42,±601,±23,±231,±138,±83,±2,±210,±88,±28,±13,±204,±56,±204,±148,±56,±77
        Bachelor's degree or higher,"±1,138",±55,±29,±26,±197,±26,±41,±57,±23,±50,±101,±19,±37,±39,±121,±58,±201,±49,±171,±55,±23,±30,±90,±243,±19,±19,±82,±28,±26,±88,±69,±34,±53,±19,±21,±258,±14,±48,±58,±53,±70,±44,±23,±81,±19,±19,±187,±162,±41,±17,±65,±17,±78,±118,±83,±4,±28,±19,±110,±17,±911,±19,±150,±191,±19,±17,±32,±78,±19,±19,±119,±19,±194,±123,±52,±23
    American Indian or Alaska Native alone,±478,±19,±11,±64,±211,±88,±86,±17,±66,±20,±10,±48,±68,±31,±40,±38,±47,±137,±19,±46,±17,±29,±19,±64,±27,±38,±99,±24,±9,±17,±38,±36,±12,±57,±19,±70,±41,±17,±15,±16,±29,±41,±22,±67,±42,±16,±41,±24,±10,±23,±17,±28,±23,±21,±13,±34,±15,±61,±68,±17,±116,±32,±55,±69,±21,±75,±118,±47,±13,±24,±36,±41,±187,±68,±2,±12
        High school graduate or higher,±458,±19,±11,±64,±191,±88,±87,±17,±65,±15,±10,±48,±66,±31,±40,±10,±24,±101,±19,±19,±17,±29,±19,±61,±26,±38,±106,±5,±3,±23,±39,±19,±12,±48,±19,±70,±26,±17,±11,±16,±20,±41,±18,±67,±42,±16,±44,±24,±10,±20,±17,±28,±23,±21,±13,±30,±15,±28,±68,±17,±113,±31,±51,±69,±21,±59,±113,±43,±13,±24,±30,±41,±140,±66,±2,±12
        Bachelor's degree or higher,±215,±19,±23,±48,±91,±58,±19,±17,±25,±19,±23,±19,±71,±17,±40,±23,±29,±38,±26,±19,±17,±19,±19,±50,±19,±19,±87,±19,±26,±23,±26,±19,±3,±14,±19,±29,±23,±17,±10,±17,±19,±39,±6,±29,±19,±19,±26,±26,±17,±18,±17,±24,±23,±21,±19,±21,±23,±5,±19,±17,±78,±19,±23,±32,±3,±17,±23,±19,±19,±6,±9,±19,±70,±29,±17,±23
    Asian alone,±537,±19,±7,±58,±176,±88,±19,±17,±44,±18,±26,±19,±14,±17,±39,±22,±112,±77,±27,±7,±17,±19,±9,±99,±19,±19,±70,±19,±27,±21,±30,±49,±42,±19,±19,±27,±199,±10,±7,±17,±19,±24,±70,±48,±46,±23,±15,±86,±3,±5,±9,±17,±23,±19,±19,±19,±14,±47,±82,±9,±272,±27,±24,±88,±93,±26,±113,±71,±19,±19,±44,±19,±137,±65,±17,±31
        High school graduate or higher,±569,±19,±7,±57,±204,±88,±19,±17,±38,±18,±23,±19,±12,±17,±39,±22,±104,±77,±25,±19,±17,±19,±9,±110,±19,±19,±62,±19,±27,±21,±30,±52,±33,±19,±19,±64,±206,±10,±7,±17,±19,±24,±68,±50,±46,±23,±15,±86,±3,±5,±9,±17,±23,±19,±19,±19,±14,±47,±58,±9,±253,±27,±24,±92,±51,±26,±169,±71,±19,±19,±44,±19,±182,±65,±17,±31
        Bachelor's degree or higher,±543,±19,±7,±7,±239,±61,±19,±17,±35,±14,±20,±19,±12,±17,±20,±22,±94,±83,±26,±19,±17,±19,±19,±85,±19,±19,±38,±19,±30,±23,±11,±52,±32,±19,±19,±47,±23,±7,±19,±17,±19,±3,±4,±23,±19,±19,±15,±135,±3,±17,±17,±17,±23,±19,±19,±19,±14,±19,±64,±17,±244,±19,±21,±103,±15,±17,±154,±71,±19,±19,±42,±19,±192,±106,±17,±31
    Native Hawaiian and Other Pacific Islander alone,±244,±19,±23,±18,±68,±26,±19,±17,±36,±19,±23,±19,±23,±17,±23,±23,±29,±29,±35,±19,±15,±19,±19,±54,±2,±19,±29,±19,±35,±23,±11,±19,±26,±19,±19,±27,±23,±17,±2,±17,±19,±19,±23,±80,±29,±19,±35,±26,±17,±17,±17,±17,±23,±19,±19,±19,±23,±10,±29,±17,±81,±22,±23,±59,±19,±17,±12,±33,±19,±19,±26,±19,±180,±29,±17,±23
        High school graduate or higher,±311,±19,±23,±18,±141,±26,±19,±17,±23,±19,±23,±19,±23,±17,±23,±23,±29,±29,±26,±19,±15,±19,±19,±54,±2,±19,±29,±19,±35,±23,±11,±19,±26,±19,±19,±27,±23,±17,±2,±17,±19,±19,±23,±80,±30,±19,±35,±26,±17,±17,±17,±17,±23,±19,±19,±19,±23,±10,±29,±17,±81,±4,±23,±59,±19,±17,±12,±19,±19,±19,±26,±19,±278,±29,±17,±23
        Bachelor's degree or higher,±111,±19,±23,±26,±54,±26,±19,±17,±23,±19,±23,±19,±23,±17,±23,±23,±29,±29,±26,±19,±17,±19,±19,±29,±19,±19,±29,±19,±26,±23,±26,±19,±26,±19,±19,±27,±23,±17,±2,±17,±19,±19,±23,±29,±19,±19,±26,±26,±17,±17,±17,±17,±23,±19,±19,±19,±23,±19,±29,±17,±80,±19,±23,±29,±19,±17,±29,±19,±19,±19,±26,±19,±63,±29,±17,±23
    Some other race alone,"±1,461",±41,±26,±51,"±1,053",±25,±27,±17,±113,±25,±39,±66,±10,±17,±33,±23,±196,±151,±27,±19,±7,±52,±8,±196,±50,±19,±182,±45,±55,±59,±76,±45,±61,±16,±41,±93,±71,±34,±29,±38,±71,±52,±26,±193,±47,±17,±104,±92,±17,±37,±17,±55,±22,±43,±19,±44,±30,±66,±202,±34,±431,±87,±236,±113,±115,±15,±297,±154,±23,±19,±51,±32,±628,±144,±17,±110
        High school graduate or higher,"±1,476",±39,±4,±42,"±1,025",±25,±26,±17,±45,±14,±41,±65,±10,±17,±23,±23,±197,±100,±26,±19,±7,±48,±19,±174,±9,±19,±180,±45,±56,±83,±62,±61,±91,±16,±41,±80,±36,±26,±29,±38,±52,±52,±26,±142,±47,±17,±48,±83,±17,±36,±17,±55,±22,±37,±19,±41,±28,±57,±215,±17,±351,±84,±182,±90,±118,±15,±323,±159,±19,±19,±51,±32,±506,±82,±17,±156
        Bachelor's degree or higher,"±1,105",±19,±23,±39,"±1,026",±22,±19,±17,±23,±19,±23,±19,±23,±17,±3,±23,±194,±38,±26,±19,±17,±35,±19,±140,±19,±19,±58,±19,±26,±23,±26,±19,±26,±19,±28,±19,±11,±17,±19,±17,±19,±19,±2,±33,±19,±19,±28,±35,±17,±17,±17,±17,±23,±19,±19,±21,±23,±34,±38,±17,±115,±19,±141,±91,±82,±17,±122,±12,±19,±19,±26,±19,±163,±3,±17,±42
    Two or more races,"±1,557",±93,±85,±145,±735,±116,±55,±21,±190,±54,±27,±65,±152,±29,±26,±33,±185,±246,±240,±103,±17,±23,±118,±172,±69,±79,±142,±63,±133,±77,±134,±82,±122,±343,±140,±101,±123,±29,±34,±29,±24,±34,±133,±191,±125,±70,±58,±80,±33,±38,±20,±67,±93,±62,±24,±88,±120,±56,±163,±37,±360,±120,±244,±321,±64,±115,±302,±79,±108,±83,±31,±72,±570,±197,±6,±105
        High school graduate or higher,"±1,477",±93,±85,±148,±721,±102,±55,±21,±149,±27,±27,±36,±42,±29,±26,±34,±175,±156,±240,±112,±17,±21,±118,±168,±69,±77,±133,±63,±134,±64,±112,±82,±101,±211,±138,±99,±103,±29,±34,±27,±24,±28,±130,±189,±125,±70,±59,±70,±33,±31,±20,±67,±93,±60,±23,±68,±115,±55,±164,±2,±317,±110,±110,±314,±63,±92,±305,±81,±111,±80,±30,±71,±566,±198,±6,±105
        Bachelor's degree or higher,±796,±3,±23,±45,±508,±15,±19,±17,±103,±3,±10,±19,±23,±28,±23,±12,±137,±69,±51,±5,±17,±19,±66,±76,±7,±12,±35,±39,±18,±21,±78,±19,±2,±40,±19,±10,±43,±7,±6,±17,±19,±19,±4,±101,±3,±12,±4,±33,±17,±24,±6,±17,±23,±32,±6,±19,±17,±20,±95,±17,±227,±97,±58,±40,±22,±17,±152,±46,±6,±10,±24,±11,±341,±69,±17,±101
    Hispanic or Latino Origin,±677,±64,±87,±73,*****,±70,±47,±10,±100,±35,±46,±54,±101,±17,±60,±87,±202,*****,±43,±129,±23,±28,±58,*****,±73,±21,±90,±12,±71,±50,±88,±45,±56,±71,±108,±65,±73,±23,±51,±56,±53,±84,±77,±130,±63,±43,±89,±25,±17,±30,±17,±54,±80,±69,±92,±31,±44,±39,±217,±42,*****,±54,±85,*****,±70,±42,*****,±125,±47,±64,±115,±64,*****,±104,±17,*****
        High school graduate or higher,"±1,440",±77,±28,±70,±514,±73,±81,±20,±185,±35,±47,±56,±101,±17,±70,±83,±178,±193,±52,±129,±21,±59,±55,±118,±41,±18,±185,±19,±72,±75,±78,±57,±91,±62,±109,±93,±119,±30,±37,±56,±58,±52,±83,±137,±71,±39,±112,±79,±16,±48,±17,±54,±60,±68,±102,±47,±39,±64,±291,±24,±443,±65,±232,±243,±121,±43,±363,±156,±42,±64,±97,±62,±548,±121,±17,±166
        Bachelor's degree or higher,±665,±19,±23,±23,±443,±28,±8,±17,±94,±19,±17,±19,±23,±17,±23,±23,±176,±149,±16,±19,±17,±37,±19,±147,±19,±19,±58,±19,±3,±10,±49,±19,±27,±14,±37,±49,±14,±17,±19,±52,±19,±19,±7,±103,±19,±19,±35,±18,±17,±17,±17,±10,±23,±19,±19,±21,±4,±33,±103,±17,±214,±19,±141,±109,±82,±17,±190,±23,±19,±30,±24,±34,±297,±32,±17,±42
POVERTY RATE FOR THE POPULATION 25 YEARS AND OVER FOR WHOM POVERTY STATUS IS DETERMINED BY EDUCATIONAL ATTAINMENT LEVEL,,,,,,,,,,,,,,,,,,,,,,,,,,,,,,,,,,,,,,,,,,,,,,,,,,,,,,,,,,,,,,,,,,,,,,,,,,,,
    Less than high school graduate,(X),(X),(X),(X),(X),(X),(X),(X),(X),(X),(X),(X),(X),(X),(X),(X),(X),(X),(X),(X),(X),(X),(X),(X),(X),(X),(X),(X),(X),(X),(X),(X),(X),(X),(X),(X),(X),(X),(X),(X),(X),(X),(X),(X),(X),(X),(X),(X),(X),(X),(X),(X),(X),(X),(X),(X),(X),(X),(X),(X),(X),(X),(X),(X),(X),(X),(X),(X),(X),(X),(X),(X),(X),(X),(X),(X)
    High school graduate (includes equivalency),(X),(X),(X),(X),(X),(X),(X),(X),(X),(X),(X),(X),(X),(X),(X),(X),(X),(X),(X),(X),(X),(X),(X),(X),(X),(X),(X),(X),(X),(X),(X),(X),(X),(X),(X),(X),(X),(X),(X),(X),(X),(X),(X),(X),(X),(X),(X),(X),(X),(X),(X),(X),(X),(X),(X),(X),(X),(X),(X),(X),(X),(X),(X),(X),(X),(X),(X),(X),(X),(X),(X),(X),(X),(X),(X),(X)
    Some college or associate's degree,(X),(X),(X),(X),(X),(X),(X),(X),(X),(X),(X),(X),(X),(X),(X),(X),(X),(X),(X),(X),(X),(X),(X),(X),(X),(X),(X),(X),(X),(X),(X),(X),(X),(X),(X),(X),(X),(X),(X),(X),(X),(X),(X),(X),(X),(X),(X),(X),(X),(X),(X),(X),(X),(X),(X),(X),(X),(X),(X),(X),(X),(X),(X),(X),(X),(X),(X),(X),(X),(X),(X),(X),(X),(X),(X),(X)
    Bachelor's degree or higher,(X),(X),(X),(X),(X),(X),(X),(X),(X),(X),(X),(X),(X),(X),(X),(X),(X),(X),(X),(X),(X),(X),(X),(X),(X),(X),(X),(X),(X),(X),(X),(X),(X),(X),(X),(X),(X),(X),(X),(X),(X),(X),(X),(X),(X),(X),(X),(X),(X),(X),(X),(X),(X),(X),(X),(X),(X),(X),(X),(X),(X),(X),(X),(X),(X),(X),(X),(X),(X),(X),(X),(X),(X),(X),(X),(X)
MEDIAN EARNINGS IN THE PAST 12 MONTHS (IN 2020 INFLATION-ADJUSTED DOLLARS),,,,,,,,,,,,,,,,,,,,,,,,,,,,,,,,,,,,,,,,,,,,,,,,,,,,,,,,,,,,,,,,,,,,,,,,,,,,
    Population 25 years and over with earnings,±323,"±2,194","±3,539","±2,003","±1,427","±2,504","±2,604","±6,568","±1,904","±4,547","±5,687","±1,883","±1,846","±6,217","±4,133","±4,145","±2,372","±2,725","±1,580","±4,645","±2,662","±3,237","±5,304","±2,259","±5,377","±9,887","±1,753","±3,662","±2,746","±2,855","±3,311","±4,138","±3,855","±6,850","±3,285","±2,757","±3,813","±4,495","±3,669","±5,668","±5,866","±4,929","±3,100","±1,722","±3,012","±4,096","±3,593","±1,716","±5,357","±7,990","±3,099","±7,292","±3,552","±8,357","±3,578","±4,344","±2,557","±2,127","±2,872","±2,089","±1,315","±4,614","±6,008","±2,214","±2,603","±4,870","±2,070","±7,069","±4,272","±7,975","±3,990","±4,167","±1,394","±1,695","±3,438","±2,351"
        Less than high school graduate,±983,"±3,380","±5,818","±2,647","±1,819","±7,520","±10,143","±21,869","±4,466","±12,360","±4,400","±6,002","±11,539","±2,793","±15,405","±4,816","±3,707","±2,334","±10,050","±14,128",**,"±3,491","±5,560","±6,841","±13,448","±24,914","±3,962","±7,808","±3,982","±8,485","±6,372","±7,052","±2,927","±14,943","±3,461","±5,190","±3,623","±8,379","±9,586","±28,542","±21,426","±25,052","±18,167","±8,954","±10,162","±5,573","±3,511","±3,921","±12,818","±6,174","±6,675","±11,648","±11,991","±8,727","±2,402","±5,009","±2,475","±3,550","±5,171","±17,342","±2,622","±11,836",±589,"±4,369","±7,006","±10,792","±3,168","±8,628","±2,479","±16,491","±7,788","±2,445","±4,332","±4,059","±6,683","±3,186"
        High school graduate (includes equivalency),±485,"±2,780","±4,429","±2,447","±1,362","±1,927","±2,886","±9,858","±2,253","±5,552","±3,261","±3,031","±1,926","±9,122","±7,142","±7,634","±3,021","±2,875","±3,388","±4,606","±12,027","±5,011","±4,167","±2,498","±3,097","±15,027","±2,886","±6,550","±5,317","±3,244","±3,179","±4,812","±4,876","±5,582","±6,591","±3,897","±4,648","±5,311","±3,455","±5,348","±5,238","±9,392","±2,532","±2,493","±5,402","±4,641","±4,943","±5,638","±11,351","±12,616","±3,661","±9,522","±6,415","±2,383","±4,828","±6,790","±4,718","±4,674","±4,449","±4,030","±1,389","±4,906","±6,665","±3,195","±5,954","±4,996","±1,497","±5,500","±5,582","±1,852","±11,156","±4,979","±3,763","±4,833","±1,337","±4,046"
        Some college or associate's degree,±548,"±5,640","±10,949","±3,231","±2,610","±3,938","±8,714","±32,230","±10,849","±7,280","±7,279","±2,308","±5,414","±9,276","±8,285","±2,359","±5,387","±6,694","±4,658","±14,279","±3,093","±9,282","±6,465","±2,742","±10,143","±12,125","±2,572","±13,228","±5,848","±5,327","±6,583","±10,639","±6,799","±11,507","±6,902","±6,956","±15,224","±10,512","±13,376","±9,453","±14,188","±12,091","±6,406","±4,588","±5,600","±5,728","±3,702","±10,833","±9,221","±6,574","±12,865","±20,822","±4,196","±8,154","±6,989","±5,905","±4,843","±4,738","±4,251","±3,367","±1,942","±4,098","±7,786","±3,643","±5,998","±8,236","±3,293","±7,394","±5,235","±6,992","±10,914","±8,553","±3,735","±2,397","±10,597","±6,160"
        Bachelor's degree,"±1,321","±16,371","±31,875","±27,948","±4,229","±13,643","±6,988","±5,907","±32,458","±72,042","±9,839","±9,432","±16,976","±13,782",**,"±24,344","±6,486","±9,181","±5,535","±12,268","±3,475",**,"±8,764","±6,499","±22,169","±14,665","±3,743","±11,594","±17,193","±15,391","±14,121","±10,068","±5,286",**,"±5,406","±8,896","±5,864","±27,393","±9,512","±10,130","±34,607","±7,932","±33,316","±8,332","±14,904","±5,140","±10,668","±18,213","±7,226","±28,345","±15,858","±27,546","±23,090","±22,448","±6,935","±9,767","±14,985","±6,902","±11,183","±37,107","±3,214","±23,974","±16,119","±4,974","±24,017","±5,637","±5,053","±27,312","±12,380","±35,575","±9,250","±11,226","±3,860","±11,362","±29,516","±13,747"
        Graduate or professional degree,"±2,505","±17,973","±48,741","±75,939","±3,952","±20,697","±49,479","±29,077","±1,581",**,"±3,467","±39,561","±38,410",**,"±17,685","±12,899","±18,887","±29,442","±32,015","±16,755","±10,625",**,"±11,886","±7,221",**,**,"±6,588","±71,915","±11,617",**,"±4,919",**,"±45,823","±1,910","±13,596","±8,895","±8,004",**,"±8,451",**,"±10,443",±748,"±28,739","±13,078","±35,657","±32,767","±22,562","±43,026",**,**,±908,**,"±22,878","±68,107","±6,305",**,**,"±23,474","±8,975","±20,739","±9,156","±28,875",**,"±12,545","±53,677","±23,658","±3,803","±56,021","±16,665",**,"±10,499","±32,957","±8,793","±17,443","±14,088",**
