Label (Grouping),Arkansas!!Female!!Estimate,"Arkansas County, Arkansas!!Female!!Estimate","Ashley County, Arkansas!!Female!!Estimate","Baxter County, Arkansas!!Female!!Estimate","Benton County, Arkansas!!Female!!Estimate","Boone County, Arkansas!!Female!!Estimate","Bradley County, Arkansas!!Female!!Estimate","Calhoun County, Arkansas!!Female!!Estimate","Carroll County, Arkansas!!Female!!Estimate","Chicot County, Arkansas!!Female!!Estimate","Clark County, Arkansas!!Female!!Estimate","Clay County, Arkansas!!Female!!Estimate","Cleburne County, Arkansas!!Female!!Estimate","Cleveland County, Arkansas!!Female!!Estimate","Columbia County, Arkansas!!Female!!Estimate","Conway County, Arkansas!!Female!!Estimate","Craighead County, Arkansas!!Female!!Estimate","Crawford County, Arkansas!!Female!!Estimate","Crittenden County, Arkansas!!Female!!Estimate","Cross County, Arkansas!!Female!!Estimate","Dallas County, Arkansas!!Female!!Estimate","Desha County, Arkansas!!Female!!Estimate","Drew County, Arkansas!!Female!!Estimate","Faulkner County, Arkansas!!Female!!Estimate","Franklin County, Arkansas!!Female!!Estimate","Fulton County, Arkansas!!Female!!Estimate","Garland County, Arkansas!!Female!!Estimate","Grant County, Arkansas!!Female!!Estimate","Greene County, Arkansas!!Female!!Estimate","Hempstead County, Arkansas!!Female!!Estimate","Hot Spring County, Arkansas!!Female!!Estimate","Howard County, Arkansas!!Female!!Estimate","Independence County, Arkansas!!Female!!Estimate","Izard County, Arkansas!!Female!!Estimate","Jackson County, Arkansas!!Female!!Estimate","Jefferson County, Arkansas!!Female!!Estimate","Johnson County, Arkansas!!Female!!Estimate","Lafayette County, Arkansas!!Female!!Estimate","Lawrence County, Arkansas!!Female!!Estimate","Lee County, Arkansas!!Female!!Estimate","Lincoln County, Arkansas!!Female!!Estimate","Little River County, Arkansas!!Female!!Estimate","Logan County, Arkansas!!Female!!Estimate","Lonoke County, Arkansas!!Female!!Estimate","Madison County, Arkansas!!Female!!Estimate","Marion County, Arkansas!!Female!!Estimate","Miller County, Arkansas!!Female!!Estimate","Mississippi County, Arkansas!!Female!!Estimate","Monroe County, Arkansas!!Female!!Estimate","Montgomery County, Arkansas!!Female!!Estimate","Nevada County, Arkansas!!Female!!Estimate","Newton County, Arkansas!!Female!!Estimate","Ouachita County, Arkansas!!Female!!Estimate","Perry County, Arkansas!!Female!!Estimate","Phillips County, Arkansas!!Female!!Estimate","Pike County, Arkansas!!Female!!Estimate","Poinsett County, Arkansas!!Female!!Estimate","Polk County, Arkansas!!Female!!Estimate","Pope County, Arkansas!!Female!!Estimate","Prairie County, Arkansas!!Female!!Estimate","Pulaski County, Arkansas!!Female!!Estimate","Randolph County, Arkansas!!Female!!Estimate","St. Francis County, Arkansas!!Female!!Estimate","Saline County, Arkansas!!Female!!Estimate","Scott County, Arkansas!!Female!!Estimate","Searcy County, Arkansas!!Female!!Estimate","Sebastian County, Arkansas!!Female!!Estimate","Sevier County, Arkansas!!Female!!Estimate","Sharp County, Arkansas!!Female!!Estimate","Stone County, Arkansas!!Female!!Estimate","Union County, Arkansas!!Female!!Estimate","Van Buren County, Arkansas!!Female!!Estimate","Washington County, Arkansas!!Female!!Estimate","White County, Arkansas!!Female!!Estimate","Woodruff County, Arkansas!!Female!!Estimate","Yell County, Arkansas!!Female!!Estimate"
AGE BY EDUCATIONAL ATTAINMENT,,,,,,,,,,,,,,,,,,,,,,,,,,,,,,,,,,,,,,,,,,,,,,,,,,,,,,,,,,,,,,,,,,,,,,,,,,,,
    Population 18 to 24 years,"137,502",634,818,"1,106","11,093","1,229",362,133,947,405,"2,631",538,715,249,"2,027",734,"5,846","2,498","2,147",525,293,437,"1,261","9,686",617,340,"3,455",630,"1,791",813,997,585,"1,539",383,626,"3,424","1,315",302,766,331,236,472,761,"2,723",567,453,"1,641","1,763",211,261,210,339,862,328,829,418,925,686,"4,028",239,"16,769",584,934,"4,372",318,375,"5,781",672,504,352,"1,509",540,"16,922","4,648",240,802
        Less than high school graduate,"15,416",104,2,172,"1,134",152,164,0,261,56,196,166,120,78,92,79,625,509,383,96,9,76,90,358,34,29,369,103,180,138,116,152,153,32,67,307,213,59,61,132,23,56,137,295,44,75,186,208,67,52,3,43,105,70,214,5,162,38,120,3,"2,243",177,261,763,82,83,582,92,68,85,339,124,"1,173",216,42,113
        High school graduate (includes equivalency),"42,558",230,446,459,"3,794",620,110,46,357,204,538,132,431,64,479,297,"1,059",945,756,238,174,173,182,"1,908",246,154,"1,153",227,570,309,351,153,312,43,307,"1,269",452,103,355,107,125,264,259,773,377,214,861,913,86,128,110,94,280,53,277,181,254,303,"1,035",78,"5,219",168,196,"1,320",150,158,"2,268",148,188,14,432,190,"3,927","1,392",88,282
        Some college or associate's degree,"65,250",282,323,427,"4,647",384,63,82,300,145,"1,720",212,159,100,"1,356",254,"3,477",903,881,167,77,157,893,"6,035",284,150,"1,465",272,775,278,411,276,973,267,234,"1,589",558,71,307,92,60,131,337,"1,189",140,109,476,592,35,81,97,202,427,182,266,183,460,297,"2,695",97,"6,441",233,457,"1,976",86,133,"2,512",368,203,253,537,165,"9,721","2,572",96,395
        Bachelor's degree or higher,"14,278",18,47,48,"1,518",73,25,5,29,0,177,28,5,7,100,104,685,141,127,24,33,31,96,"1,385",53,7,468,28,266,88,119,4,101,41,18,259,92,69,43,0,28,21,28,466,6,55,118,50,23,0,0,0,50,23,72,49,49,48,178,61,"2,866",6,20,313,0,1,419,64,45,0,201,61,"2,101",468,14,12
    Population 25 years and over,"1,052,734","6,593","7,295","16,872","91,316","13,718","3,995","1,960","10,184","3,676","7,023","5,377","9,519","2,989","7,927","7,640","37,077","21,918","16,757","6,078","2,618","4,222","6,260","40,205","6,389","4,666","38,230","6,596","15,881","7,821","11,744","4,644","13,147","4,883","6,238","23,814","8,869","2,540","5,805","2,736","3,516","4,656","7,887","25,410","5,568","6,593","15,507","14,162","2,706","3,449","3,083","2,807","8,978","3,622","6,526","3,828","8,520","7,261","21,170","3,110","143,912","6,348","7,823","43,588","3,578","2,748","44,343","5,369","6,507","4,799","14,047","6,334","73,209","26,731","2,448","7,369"
        Less than 9th grade,"44,335",314,592,327,"4,037",491,221,59,489,220,216,357,317,49,333,326,"1,694",911,824,297,134,221,237,789,239,238,995,132,400,655,409,179,565,255,339,790,633,231,282,144,203,48,346,923,269,183,352,835,193,84,170,162,375,148,327,255,857,351,"1,128",100,"4,026",333,342,"1,298",263,216,"2,469",586,245,280,415,164,"4,606","1,033",172,637
"        9th to 12th grade, no diploma","79,638",546,553,"1,267","5,111",905,405,259,682,407,555,472,686,262,691,723,"2,302","1,960","1,656",562,181,519,542,"2,131",621,405,"2,724",456,968,598,975,435,"1,231",486,683,"1,738",907,305,543,410,344,327,672,"1,555",479,630,"1,779","1,550",371,277,101,304,925,324,880,269,803,606,"1,890",196,"7,610",536,883,"2,078",353,279,"3,967",579,551,657,"1,298",709,"5,435","2,456",253,850
        High school graduate (includes equivalency),"333,720","2,650","3,112","5,981","27,009","4,007","1,589",817,"3,700","1,402","2,216","2,046","3,781","1,317","3,072","2,594","10,917","7,745","5,248","2,251","1,152","1,779","2,072","11,266","2,643","1,596","11,510","2,417","6,233","2,558","4,008","1,863","4,436","1,634","2,488","8,807","3,791",967,"2,051","1,119","1,248","1,713","3,174","8,811","2,545","2,096","5,017","5,109",954,"1,129","1,323",878,"3,248","1,397","1,699","1,244","3,523","2,534","6,875","1,142","34,918","1,923","2,588","12,321","1,181",993,"12,567","1,727","2,525","1,533","4,400","2,486","18,847","10,399",986,"2,823"
"        Some college, no degree","238,258","1,263","1,250","4,473","18,833","3,957",780,315,"2,370",758,"1,550","1,123","2,208",556,"1,815","1,596","7,397","4,955","4,480","1,313",619,817,"1,395","9,025","1,551","1,310","10,821","1,622","3,934","1,772","3,278","1,040","2,918","1,135","1,490","5,314","1,444",494,"1,426",471,859,"1,285","1,732","5,584","1,018","1,877","4,190","2,625",605,959,600,640,"2,356",919,"1,475",899,"1,597","1,908","4,208",758,"33,617","1,546","2,018","10,390",940,636,"10,488","1,139","1,879","1,021","3,116","1,191","14,560","4,636",524,"1,595"
        Associate's degree,"94,392",680,633,"1,946","6,764","1,736",339,278,735,246,580,589,913,243,306,924,"4,097","2,521","1,414",557,194,173,463,"3,094",585,423,"3,631",527,"1,039",880,"1,060",440,"1,307",604,493,"1,756",546,161,472,258,261,548,882,"2,708",359,744,"1,209","1,346",203,365,430,304,921,257,950,418,553,577,"1,376",252,"12,380",968,973,"4,735",348,255,"3,954",618,528,709,"1,647",611,"5,355","2,282",214,545
        Bachelor's degree,"166,543",711,816,"1,835","20,422","1,675",468,111,"1,403",467,"1,346",417,"1,036",376,902,"1,092","6,393","2,597","2,127",569,263,516,979,"8,493",554,394,"5,606",911,"2,235",861,"1,295",507,"1,845",542,428,"3,450",922,287,680,257,403,545,741,"4,084",567,752,"1,876","1,735",274,342,315,347,777,406,767,447,772,837,"3,759",466,"30,167",688,580,"8,189",363,269,"7,441",401,529,439,"2,124",710,"14,454","3,440",169,580
        Graduate or professional degree,"95,848",429,339,"1,043","9,140",947,193,121,805,176,560,373,578,186,808,385,"4,277","1,229","1,008",529,75,197,572,"5,407",196,300,"2,943",531,"1,072",497,719,180,845,227,317,"1,959",626,95,351,77,198,190,340,"1,745",331,311,"1,084",962,106,293,144,172,376,171,428,296,415,448,"1,934",196,"21,194",354,439,"4,577",130,100,"3,457",319,250,160,"1,047",463,"9,952","2,485",130,339
        High school graduate or higher,"928,761","5,733","6,150","15,278","82,168","12,322","3,369","1,642","9,013","3,049","6,252","4,548","8,516","2,678","6,903","6,591","33,081","19,047","14,277","5,219","2,303","3,482","5,481","37,285","5,529","4,023","34,511","6,008","14,513","6,568","10,360","4,030","11,351","4,142","5,216","21,286","7,329","2,004","4,980","2,182","2,969","4,281","6,869","22,932","4,820","5,780","13,376","11,777","2,142","3,088","2,812","2,341","7,678","3,150","5,319","3,304","6,860","6,304","18,152","2,814","132,276","5,479","6,598","40,212","2,962","2,253","37,907","4,204","5,711","3,862","12,334","5,461","63,168","23,242","2,023","5,882"
        Bachelor's degree or higher,"262,391","1,140","1,155","2,878","29,562","2,622",661,232,"2,208",643,"1,906",790,"1,614",562,"1,710","1,477","10,670","3,826","3,135","1,098",338,713,"1,551","13,900",750,694,"8,549","1,442","3,307","1,358","2,014",687,"2,690",769,745,"5,409","1,548",382,"1,031",334,601,735,"1,081","5,829",898,"1,063","2,960","2,697",380,635,459,519,"1,153",577,"1,195",743,"1,187","1,285","5,693",662,"51,361","1,042","1,019","12,766",493,369,"10,898",720,779,599,"3,171","1,173","24,406","5,925",299,919
    Population 25 to 34 years,"196,637","1,087","1,020","1,936","19,903","2,218",614,328,"1,525",459,"1,130",865,"1,183",444,"1,351","1,283","8,425","3,946","3,427","1,132",369,737,"1,192","9,036","1,005",552,"5,735","1,111","3,187","1,123","2,018",617,"2,220",567,"1,098","4,136","1,555",281,954,268,486,618,"1,282","5,284",922,715,"2,880","2,705",483,422,523,343,"1,351",537,"1,057",550,"1,467","1,004","4,375",448,"30,267","1,043","1,340","7,958",588,279,"8,454","1,011",829,585,"2,360",769,"17,189","5,004",313,"1,159"
        High school graduate or higher,"180,233",986,797,"1,733","18,304","2,053",576,282,"1,274",412,"1,060",824,"1,104",438,"1,187","1,247","7,956","3,741","3,174",981,331,653,"1,071","8,785",985,476,"5,411","1,057","2,833","1,022","1,875",565,"1,981",515,905,"3,761","1,330",236,904,227,407,586,"1,174","4,942",823,655,"2,600","2,506",352,368,421,272,"1,095",508,892,540,"1,158",955,"4,046",413,"28,253",984,"1,190","7,533",539,204,"7,598",852,752,436,"2,231",678,"15,409","4,571",259,979
        Bachelor's degree or higher,"59,052",305,161,516,"7,718",479,51,42,172,62,350,175,186,98,453,228,"2,867",957,772,284,36,114,253,"3,492",170,33,"1,094",289,856,239,362,154,373,115,165,699,381,20,229,48,56,123,226,"1,389",181,130,581,430,101,11,23,79,228,114,284,141,289,204,"1,375",184,"11,684",193,171,"3,081",107,37,"2,832",100,96,89,684,117,"7,114","1,425",33,142
    Population 35 to 44 years,"187,235","1,125","1,232","2,075","19,188","2,091",865,333,"1,450",527,"1,190",790,"1,368",502,"1,423","1,182","7,258","3,768","3,074","1,026",342,686,882,"7,892","1,014",607,"5,855","1,111","2,827","1,543","1,966","1,076","2,272",623,"1,221","3,922","1,460",349,935,310,507,910,"1,215","5,223",821,770,"2,749","2,673",366,427,419,361,"1,319",569,"1,014",657,"1,366","1,106","3,519",439,"26,380",981,"1,249","8,663",527,400,"7,816","1,023",918,583,"2,355",849,"15,341","4,582",394,"1,384"
        High school graduate or higher,"169,843","1,077","1,154","1,863","17,255","1,990",663,333,"1,247",474,"1,032",753,"1,308",466,"1,223","1,006","6,684","3,421","2,816",904,342,667,844,"7,662",962,504,"5,343","1,101","2,775","1,312","1,753",933,"2,097",604,"1,056","3,666","1,258",316,896,295,469,865,"1,119","5,012",736,726,"2,197","2,280",335,393,416,358,"1,260",512,956,561,"1,146",933,"3,089",424,"24,838",906,"1,040","8,194",426,352,"6,650",661,843,462,"2,220",632,"13,194","4,179",369,"1,035"
        Bachelor's degree or higher,"59,006",242,344,553,"7,797",499,103,45,449,127,266,183,107,111,410,498,"2,707",682,788,137,54,165,238,"3,403",246,110,"1,622",321,839,316,348,135,825,151,150,905,268,95,230,45,150,171,212,"1,436",161,156,487,563,26,85,104,74,241,180,233,183,276,248,"1,422",116,"11,384",266,252,"3,524",114,78,"2,380",90,141,125,649,112,"5,407","1,293",68,85
    Population 45 to 64 years,"385,300","2,509","2,785","5,899","31,958","5,046","1,393",671,"3,711","1,418","2,612","1,963","3,389","1,146","2,815","2,993","12,752","8,466","6,425","2,195",970,"1,574","2,282","14,422","2,378","1,798","13,624","2,664","5,773","2,967","4,323","1,637","4,989","1,869","2,231","9,095","3,498","1,040","2,162","1,176","1,412","1,740","3,072","9,398","2,172","2,691","5,835","5,337",973,"1,315","1,213","1,043","3,579","1,415","2,528","1,445","3,234","2,704","7,764","1,177","52,267","2,287","2,931","15,238","1,330","1,080","16,529","2,057","2,395","1,790","5,453","2,392","25,221","10,024",870,"2,771"
        High school graduate or higher,"344,004","2,265","2,433","5,481","28,845","4,606","1,223",539,"3,338","1,255","2,426","1,756","3,115","1,083","2,528","2,583","11,722","6,969","5,609","1,929",879,"1,189","2,130","13,346","2,036","1,648","12,394","2,467","5,379","2,360","3,938","1,415","4,334","1,732","1,955","8,209","2,783",871,"1,863","1,043","1,228","1,624","2,808","8,554","1,927","2,278","5,316","4,571",827,"1,223","1,139",963,"3,154","1,297","2,174","1,267","2,742","2,280","6,699","1,081","48,644","1,953","2,615","13,998","1,223",951,"14,132","1,583","2,189","1,529","4,597","2,143","21,473","8,981",783,"2,382"
        Bachelor's degree or higher,"93,393",415,475,947,"9,945","1,089",226,47,880,223,813,299,791,293,551,512,"3,500","1,325","1,036",467,169,328,721,"4,675",237,301,"3,234",578,"1,102",447,749,224,920,252,270,"2,219",630,168,410,119,162,288,503,"2,300",286,390,"1,094","1,085",117,339,187,158,477,228,386,251,363,469,"1,885",257,"18,693",400,341,"4,127",161,128,"3,538",292,288,259,"1,160",384,"8,024","2,216",105,465
    Population 65 years and over,"283,562","1,872","2,258","6,962","20,267","4,363","1,123",628,"3,498","1,272","2,091","1,759","3,579",897,"2,338","2,182","8,642","5,738","3,831","1,725",937,"1,225","1,904","8,855","1,992","1,709","13,016","1,710","4,094","2,188","3,437","1,314","3,666","1,824","1,688","6,661","2,356",870,"1,754",982,"1,111","1,388","2,318","5,505","1,653","2,417","4,043","3,447",884,"1,285",928,"1,060","2,729","1,101","1,927","1,176","2,453","2,447","5,512","1,046","34,998","2,037","2,303","11,729","1,133",989,"11,544","1,278","2,365","1,841","3,879","2,324","15,458","7,121",871,"2,055"
        High school graduate or higher,"234,681","1,405","1,766","6,201","17,764","3,673",907,488,"3,154",908,"1,734","1,215","2,989",691,"1,965","1,755","6,719","4,916","2,678","1,405",751,973,"1,436","7,492","1,546","1,395","11,363","1,383","3,526","1,874","2,794","1,117","2,939","1,291","1,300","5,650","1,958",581,"1,317",617,865,"1,206","1,768","4,424","1,334","2,121","3,263","2,420",628,"1,104",836,748,"2,169",833,"1,297",936,"1,814","2,136","4,318",896,"30,541","1,636","1,753","10,487",774,746,"9,527","1,108","1,927","1,435","3,286","2,008","13,092","5,511",612,"1,486"
        Bachelor's degree or higher,"50,940",178,175,862,"4,102",555,281,98,707,231,477,133,530,60,296,239,"1,596",862,539,210,79,106,339,"2,330",97,250,"2,599",254,510,356,555,174,572,251,160,"1,586",269,99,162,122,233,153,140,704,270,387,798,619,136,200,145,208,207,55,292,168,259,364,"1,011",105,"9,600",183,255,"2,034",111,126,"2,148",238,254,126,678,560,"3,861",991,93,227
RACE AND HISPANIC OR LATINO ORIGIN BY EDUCATIONAL ATTAINMENT,,,,,,,,,,,,,,,,,,,,,,,,,,,,,,,,,,,,,,,,,,,,,,,,,,,,,,,,,,,,,,,,,,,,,,,,,,,,
    White alone,"823,979","4,702","5,353","16,106","77,595","13,144","2,689","1,455","9,280","1,632","4,936","5,237","9,247","2,516","4,845","6,562","30,539","19,805","7,738","4,499","1,469","2,146","4,324","33,705","6,006","4,445","33,720","6,197","15,085","4,722","10,298","3,279","12,213","4,704","4,996","10,095","8,167","1,576","5,581","1,156","2,723","3,492","7,238","22,677","5,290","6,278","11,058","8,967","1,563","3,180","2,050","2,689","5,181","3,491","2,410","3,495","7,618","6,644","19,479","2,699","83,849","6,073","3,430","38,460","3,170","2,552","34,422","3,812","6,176","4,545","9,139","6,056","59,431","25,029","1,730","6,119"
        High school graduate or higher,"739,971","4,297","4,636","14,606","70,463","11,971","2,237","1,236","8,277","1,438","4,432","4,467","8,252","2,270","4,417","5,771","27,504","17,304","7,021","3,969","1,336","1,937","4,010","31,267","5,166","3,854","30,960","5,680","13,922","4,249","9,138","2,979","10,719","3,966","4,195","9,203","6,949","1,326","4,776",980,"2,365","3,223","6,268","20,668","4,583","5,592","9,618","7,509","1,268","2,873","1,984","2,247","4,647","3,019","2,145","3,082","6,185","5,867","16,823","2,461","78,707","5,242","3,076","35,858","2,696","2,153","30,647","3,222","5,409","3,608","8,357","5,249","53,774","21,741","1,499","5,126"
        Bachelor's degree or higher,"215,192","1,018",964,"2,774","24,751","2,582",566,198,"2,094",407,"1,493",786,"1,606",502,"1,512","1,314","9,303","3,603","1,894",770,248,509,"1,105","11,708",705,692,"7,909","1,393","3,243","1,066","1,855",531,"2,472",748,688,"1,903","1,455",282,"1,020",198,466,641,953,"5,360",857,"1,011","2,507","1,994",271,598,357,503,686,574,704,742,"1,092","1,157","5,147",622,"34,666","1,023",480,"11,140",432,369,"8,543",665,766,538,"2,450","1,160","22,138","5,602",247,864
"    White alone, not Hispanic or Latino","795,723","4,633","5,145","15,893","69,602","12,898","2,325","1,425","8,536","1,554","4,840","5,203","9,144","2,516","4,675","6,309","29,924","19,129","7,550","4,453","1,469","2,018","4,284","33,110","5,919","4,445","32,836","6,156","14,863","4,554","10,095","3,187","12,008","4,664","4,935","9,886","7,543","1,547","5,525","1,150","2,687","3,452","7,195","22,130","5,146","6,129","10,953","8,663","1,563","3,154","2,049","2,689","5,080","3,484","2,392","3,458","7,525","6,550","18,565","2,654","80,793","6,045","3,416","37,634","3,160","2,552","33,462","3,622","6,064","4,502","8,864","5,964","55,955","24,478","1,726","6,020"
        High school graduate or higher,"721,728","4,241","4,571","14,418","65,554","11,728","2,137","1,206","7,844","1,382","4,349","4,433","8,175","2,270","4,326","5,518","27,077","16,799","6,953","3,923","1,336","1,826","3,976","30,746","5,097","3,854","30,388","5,652","13,723","4,184","8,994","2,930","10,590","3,933","4,174","9,108","6,600","1,315","4,724",975,"2,345","3,199","6,227","20,199","4,471","5,470","9,598","7,367","1,268","2,861","1,984","2,247","4,586","3,019","2,127","3,061","6,108","5,814","16,347","2,416","76,423","5,242","3,062","35,334","2,686","2,153","30,092","3,118","5,321","3,570","8,210","5,166","51,624","21,435","1,495","5,054"
        Bachelor's degree or higher,"211,028",978,926,"2,725","23,795","2,521",560,198,"2,041",374,"1,469",786,"1,584",502,"1,459","1,304","9,107","3,529","1,880",770,248,509,"1,105","11,579",705,692,"7,828","1,388","3,194","1,052","1,855",488,"2,444",748,688,"1,884","1,428",282,"1,020",198,466,641,942,"5,226",857,990,"2,493","1,979",271,598,357,503,625,574,704,742,"1,092","1,157","5,040",600,"34,146","1,023",479,"11,031",432,369,"8,395",656,727,538,"2,439","1,106","21,404","5,492",247,844
    Black alone,"153,280","1,557","1,794",27,"1,232",44,"1,199",460,148,"1,966","1,803",12,37,425,"2,858",864,"4,887",270,"7,669","1,124","1,104","1,938","1,758","4,403",5,2,"2,612",198,264,"2,351","1,178",920,131,8,676,"12,726",118,876,46,"1,551",670,875,84,"1,575",8,27,"3,696","4,814","1,055",18,986,3,"3,735",36,"4,068",168,229,10,289,375,"51,189",44,"4,135","2,997",0,8,"2,713",253,51,0,"4,505",17,"1,569","1,033",683,121
        High school graduate or higher,"131,109","1,257","1,406",17,"1,116",44,"1,025",361,148,"1,583","1,597",0,37,383,"2,287",662,"4,236",170,"6,166",870,922,"1,498","1,414","4,183",4,2,"2,251",127,210,"2,045",961,814,126,8,553,"11,128",76,637,37,"1,180",512,800,73,"1,289",8,27,"3,058","3,945",786,13,781,3,"2,975",36,"3,126",127,189,8,278,317,"45,929",44,"3,297","2,690",0,4,"2,373",232,48,0,"3,615",16,"1,448",932,489,100
        Bachelor's degree or higher,"29,916",85,173,0,520,0,95,34,11,216,320,0,1,60,162,102,646,0,"1,027",280,86,188,438,"1,350",0,2,292,22,0,209,138,129,100,0,30,"3,111",5,87,0,136,124,64,7,254,0,0,315,674,83,8,94,3,426,3,478,1,22,0,32,18,"13,797",9,504,"1,149",0,0,538,6,0,0,608,0,407,193,44,0
    American Indian or Alaska Native alone,"6,843",102,2,107,"1,156",100,83,0,193,0,40,10,42,0,0,27,72,358,61,0,0,18,0,187,184,60,373,4,96,89,42,28,82,10,15,81,0,9,8,13,12,47,59,152,34,149,171,0,33,65,8,19,0,0,0,11,6,92,136,10,367,15,27,144,8,53,500,169,20,23,103,122,458,125,0,53
        High school graduate or higher,"5,899",102,2,107,"1,101",94,83,0,191,0,29,10,36,0,0,20,63,344,33,0,0,5,0,132,183,60,241,4,83,89,42,28,48,10,0,80,0,0,8,13,0,45,59,132,26,41,134,0,33,56,8,3,0,0,0,11,6,84,136,10,361,15,27,144,8,53,336,162,5,23,103,88,430,73,0,46
        Bachelor's degree or higher,850,0,0,1,218,0,0,0,36,0,0,3,0,0,0,13,0,57,7,0,0,5,0,0,0,0,0,4,5,71,0,0,0,0,0,0,0,0,4,0,0,0,18,56,0,0,9,0,14,11,8,0,0,0,0,0,3,0,22,10,38,0,0,0,0,0,109,0,0,0,44,7,77,0,0,0
    Asian alone,"16,337",10,31,115,"3,314",94,7,0,123,9,67,4,67,0,54,39,361,334,166,0,0,11,0,523,9,16,435,0,44,18,45,70,168,0,9,247,134,20,5,6,0,28,124,400,33,65,113,68,15,10,0,8,10,6,0,9,3,13,296,0,"3,338",6,35,592,29,0,"2,124",35,3,60,148,16,"1,918",147,0,130
        High school graduate or higher,"13,859",10,31,100,"2,813",90,7,0,121,9,62,4,67,0,45,33,338,288,139,0,0,11,0,425,7,15,353,0,44,15,45,25,87,0,9,213,116,20,5,6,0,28,88,343,32,52,113,68,15,10,0,0,9,6,0,9,3,0,234,0,"2,935",4,35,495,29,0,"1,768",35,3,60,141,16,"1,535",147,0,93
        Bachelor's degree or higher,"7,393",10,7,32,"2,246",39,0,0,53,9,26,0,0,0,6,33,207,32,67,0,0,11,0,309,3,0,219,0,36,12,6,25,29,0,0,35,7,11,4,0,0,0,36,43,0,17,65,17,0,0,0,0,0,0,0,0,1,0,42,0,"1,697",0,35,267,0,0,736,0,0,60,10,4,805,56,0,28
    Native Hawaiian and Other Pacific Islander alone,"2,417",0,0,0,384,0,0,15,57,0,0,0,0,0,0,0,0,12,0,0,5,0,0,0,34,26,38,29,0,13,0,0,0,0,2,274,0,0,1,0,0,0,0,17,21,0,12,24,0,0,1,0,0,0,0,0,0,1,0,0,66,19,0,13,0,0,0,14,0,0,0,14,"1,325",0,0,0
        High school graduate or higher,"1,441",0,0,0,232,0,0,15,0,0,0,0,0,0,0,0,0,12,0,0,5,0,0,0,22,26,38,29,0,13,0,0,0,0,2,274,0,0,1,0,0,0,0,17,9,0,12,24,0,0,1,0,0,0,0,0,0,1,0,0,18,7,0,13,0,0,0,14,0,0,0,14,642,0,0,0
        Bachelor's degree or higher,362,0,0,0,92,0,0,0,0,0,0,0,0,0,0,0,0,0,0,0,0,0,0,0,0,0,0,0,0,0,0,0,0,0,0,253,0,0,1,0,0,0,0,0,0,0,0,0,0,0,0,0,0,0,0,0,0,0,0,0,16,0,0,0,0,0,0,0,0,0,0,0,0,0,0,0
    Some other race alone,"20,466",58,85,137,"2,200",78,17,1,168,9,113,23,2,0,106,0,399,514,19,1,0,71,138,473,20,0,383,23,96,513,50,291,279,18,0,136,92,20,8,3,39,154,97,170,61,0,196,112,7,71,0,0,23,24,9,106,77,246,391,0,"1,979",10,109,375,86,0,"2,892",970,20,9,59,27,"4,673",78,0,852
        High school graduate or higher,"11,354",47,45,98,"1,665",11,17,1,77,0,69,0,0,0,90,0,278,340,5,1,0,1,17,420,20,0,260,23,87,43,45,146,138,18,0,136,16,6,0,3,20,134,97,95,41,0,189,63,7,53,0,0,23,24,9,36,36,143,149,0,"1,403",10,101,305,5,0,"1,266",427,15,9,30,15,"2,066",37,0,423
        Bachelor's degree or higher,"1,840",14,9,42,313,0,0,0,12,0,36,0,0,0,30,0,134,46,0,0,0,0,0,60,0,0,16,23,9,0,0,0,19,0,0,33,0,0,0,0,0,0,0,21,41,0,28,12,0,0,0,0,23,0,0,0,36,72,15,0,188,10,0,23,0,0,279,20,8,1,23,0,220,21,0,3
    Two or more races,"29,412",164,30,380,"5,435",258,0,29,215,60,64,91,124,48,64,148,819,625,"1,104",454,40,38,40,914,131,117,669,145,296,115,131,56,274,143,540,255,358,39,156,7,72,60,285,419,121,74,261,177,33,105,38,88,29,65,39,39,587,255,579,26,"3,124",181,87,"1,007",285,135,"1,692",116,237,162,93,82,"3,835",319,35,94
        High school graduate or higher,"25,128",20,30,350,"4,778",112,0,29,199,19,63,67,124,25,64,105,662,589,913,379,40,30,40,858,127,66,408,145,167,114,129,38,233,140,457,252,172,15,153,0,72,51,284,388,121,68,252,168,33,83,38,88,24,65,39,39,441,201,532,26,"2,923",157,62,707,224,43,"1,517",112,231,162,88,63,"3,273",312,35,94
        Bachelor's degree or higher,"6,838",13,2,29,"1,422",1,0,0,2,11,31,1,7,0,0,15,380,88,140,48,4,0,8,473,42,0,113,0,14,0,15,2,70,21,27,74,81,2,2,0,11,30,67,95,0,35,36,0,12,18,0,13,18,0,13,0,33,56,435,12,959,0,0,187,61,0,693,29,5,0,36,2,759,53,8,24
    Hispanic or Latino Origin,"54,407",127,296,315,"11,532",324,450,47,"1,050",134,213,64,116,0,276,259,"1,189","1,254",289,66,0,220,178,"1,160",133,45,"1,327",164,324,694,252,413,581,94,143,332,841,49,64,31,71,194,177,784,218,163,351,479,7,97,1,0,163,31,47,142,187,302,"1,532",46,"5,568",49,156,"1,334",123,13,"4,263","1,210",132,52,334,131,"9,319",702,4,979
        High school graduate or higher,"33,950",103,113,251,"7,623",256,186,47,645,56,156,41,88,0,181,259,731,895,155,66,0,112,51,994,115,45,885,151,285,120,188,207,323,87,103,218,365,17,52,21,36,158,175,631,166,136,209,268,7,65,0,0,123,24,42,56,116,137,852,46,"4,137",21,123,962,42,13,"2,177",581,103,47,177,110,"5,078",414,4,523
        Bachelor's degree or higher,"6,931",54,47,49,"1,513",61,6,0,65,33,65,0,22,0,83,16,312,120,20,0,0,0,0,291,0,0,81,28,58,14,0,43,65,0,0,31,27,0,0,0,0,0,11,166,41,21,48,27,0,0,0,0,85,0,0,0,36,13,337,22,816,10,1,151,27,0,633,20,47,1,32,54,"1,068",137,0,23
POVERTY RATE FOR THE POPULATION 25 YEARS AND OVER FOR WHOM POVERTY STATUS IS DETERMINED BY EDUCATIONAL ATTAINMENT LEVEL,,,,,,,,,,,,,,,,,,,,,,,,,,,,,,,,,,,,,,,,,,,,,,,,,,,,,,,,,,,,,,,,,,,,,,,,,,,,
    Less than high school graduate,(X),(X),(X),(X),(X),(X),(X),(X),(X),(X),(X),(X),(X),(X),(X),(X),(X),(X),(X),(X),(X),(X),(X),(X),(X),(X),(X),(X),(X),(X),(X),(X),(X),(X),(X),(X),(X),(X),(X),(X),(X),(X),(X),(X),(X),(X),(X),(X),(X),(X),(X),(X),(X),(X),(X),(X),(X),(X),(X),(X),(X),(X),(X),(X),(X),(X),(X),(X),(X),(X),(X),(X),(X),(X),(X),(X)
    High school graduate (includes equivalency),(X),(X),(X),(X),(X),(X),(X),(X),(X),(X),(X),(X),(X),(X),(X),(X),(X),(X),(X),(X),(X),(X),(X),(X),(X),(X),(X),(X),(X),(X),(X),(X),(X),(X),(X),(X),(X),(X),(X),(X),(X),(X),(X),(X),(X),(X),(X),(X),(X),(X),(X),(X),(X),(X),(X),(X),(X),(X),(X),(X),(X),(X),(X),(X),(X),(X),(X),(X),(X),(X),(X),(X),(X),(X),(X),(X)
    Some college or associate's degree,(X),(X),(X),(X),(X),(X),(X),(X),(X),(X),(X),(X),(X),(X),(X),(X),(X),(X),(X),(X),(X),(X),(X),(X),(X),(X),(X),(X),(X),(X),(X),(X),(X),(X),(X),(X),(X),(X),(X),(X),(X),(X),(X),(X),(X),(X),(X),(X),(X),(X),(X),(X),(X),(X),(X),(X),(X),(X),(X),(X),(X),(X),(X),(X),(X),(X),(X),(X),(X),(X),(X),(X),(X),(X),(X),(X)
    Bachelor's degree or higher,(X),(X),(X),(X),(X),(X),(X),(X),(X),(X),(X),(X),(X),(X),(X),(X),(X),(X),(X),(X),(X),(X),(X),(X),(X),(X),(X),(X),(X),(X),(X),(X),(X),(X),(X),(X),(X),(X),(X),(X),(X),(X),(X),(X),(X),(X),(X),(X),(X),(X),(X),(X),(X),(X),(X),(X),(X),(X),(X),(X),(X),(X),(X),(X),(X),(X),(X),(X),(X),(X),(X),(X),(X),(X),(X),(X)
MEDIAN EARNINGS IN THE PAST 12 MONTHS (IN 2020 INFLATION-ADJUSTED DOLLARS),,,,,,,,,,,,,,,,,,,,,,,,,,,,,,,,,,,,,,,,,,,,,,,,,,,,,,,,,,,,,,,,,,,,,,,,,,,,
    Population 25 years and over with earnings,"30,675","26,939","28,369","26,031","35,813","26,481","30,536","28,558","26,962","26,531","27,946","22,473","25,077","37,115","26,264","25,507","31,594","27,252","29,933","29,986","24,277","26,533","33,043","35,885","28,347","25,605","26,559","35,027","28,923","26,029","27,933","22,404","27,073","24,540","20,228","30,523","24,834","23,099","23,248","26,819","25,730","32,033","24,610","35,185","28,004","22,054","27,764","28,348","23,182","23,486","30,182","26,485","25,908","27,044","25,396","24,678","24,583","21,663","26,273","29,419","35,073","25,403","25,214","40,280","25,144","29,607","28,496","22,522","23,311","21,442","30,706","22,706","33,165","26,897","29,605","26,074"
        Less than high school graduate,"20,183","15,968","11,067","12,750","24,512","12,475","20,759",-,"23,839",-,"12,500",-,"13,578",-,"17,177","20,865","17,757","24,306","20,330","12,072",-,"19,952","32,930","20,821","26,765","25,833","21,419",-,"5,907","20,473","15,313","21,111","27,694","12,813",-,"18,534","16,681","26,607","18,542","29,177","19,647","11,802","22,556","22,040","11,644","16,985","12,159","17,024","20,147","20,000","38,555","30,708","28,380","30,833","13,708","15,833","12,750","17,054","25,879",-,"17,842","19,922","20,400","20,186","22,212","30,179","21,355","19,491","15,357","10,045","13,206","18,709","21,511","16,504","19,091","25,762"
        High school graduate (includes equivalency),"23,714","25,327","23,865","24,529","30,127","20,398","25,345","26,576","25,305","21,469","22,500","21,864","19,404","22,692","20,434","18,006","23,271","21,679","22,178","23,995","21,660","22,230","19,104","25,756","25,384","17,068","20,514","19,795","22,379","20,684","20,317","20,396","23,607","18,194","15,739","22,976","20,791","21,210","20,038","19,750","17,690","27,043","22,017","25,661","24,500","18,795","21,834","23,300","22,294","19,669","25,208","25,357","20,090","20,472","16,635","19,342","19,255","18,648","21,080","23,523","26,345","20,885","18,995","26,672","18,994","16,181","21,699","19,321","23,805","16,597","23,976","20,455","27,804","22,164","25,482","26,044"
        Some college or associate's degree,"28,120","26,003","27,778","22,994","32,269","26,981","26,653","24,167","26,311","27,847","25,352","19,268","24,815","21,833","19,719","27,387","27,522","26,905","28,268","26,803","23,716","17,470","28,652","32,222","28,096","25,563","24,547","35,699","25,552","24,844","30,021","23,422","26,107","24,048","19,934","30,097","24,866","18,994","23,563","30,313","30,258","27,482","22,199","33,342","25,478","21,222","27,099","27,919","26,108","20,846","25,000","22,868","25,649","23,393","24,025","25,116","24,211","22,767","20,853","29,240","31,779","21,657","28,541","36,557","26,011","25,817","27,224","23,103","21,640","17,950","30,045","22,396","30,804","25,443","33,583","22,559"
        Bachelor's degree,"41,696","41,724","38,612","38,507","49,539","34,561","39,250","51,985","37,972","38,190","35,596","33,824","37,500","45,986","48,692","30,859","38,148","41,602","46,920","50,146","37,262","39,180","39,561","45,380","39,712","34,888","41,481","45,797","41,711","38,145","33,125","37,604","33,595","42,281","42,500","39,000","32,708","42,619","32,258","31,000","39,399","41,268","38,560","45,340","46,250","41,607","37,462","40,256","26,607","42,188","36,071","44,091","39,766","53,611","41,638","33,500","40,556","26,389","34,725","40,524","42,313","39,630","33,523","51,339","40,469","33,709","39,760","36,033","43,341","42,214","39,711","37,679","41,984","39,733","37,404","35,000"
        Graduate or professional degree,"54,871","57,787","46,000","48,801","61,632","46,821","52,561","102,946","43,694","48,214","46,452","48,906","54,000","63,073","51,961","53,456","55,035","55,253","53,601","46,596",-,"53,100","45,341","60,884","61,154","49,861","54,750","90,500","50,918","42,122","48,649","38,011","48,954","50,511","37,625","44,020","54,902","53,125","49,402",-,"50,234","49,671","51,432","59,417","50,952","51,250","59,250","53,990",-,"50,461","41,188","44,583","56,250","63,096","54,089","44,667","45,125","50,060","56,674","49,375","58,617","56,406","41,005","61,499",-,"54,792","54,920","47,353",-,"53,218","55,000","53,229","57,608","50,513","170,625","48,832"
