Label (Grouping),Arkansas!!Percent,"Arkansas County, Arkansas!!Percent","Ashley County, Arkansas!!Percent","Baxter County, Arkansas!!Percent","Benton County, Arkansas!!Percent","Boone County, Arkansas!!Percent","Bradley County, Arkansas!!Percent","Calhoun County, Arkansas!!Percent","Carroll County, Arkansas!!Percent","Chicot County, Arkansas!!Percent","Clark County, Arkansas!!Percent","Clay County, Arkansas!!Percent","Cleburne County, Arkansas!!Percent","Cleveland County, Arkansas!!Percent","Columbia County, Arkansas!!Percent","Conway County, Arkansas!!Percent","Craighead County, Arkansas!!Percent","Crawford County, Arkansas!!Percent","Crittenden County, Arkansas!!Percent","Cross County, Arkansas!!Percent","Dallas County, Arkansas!!Percent","Desha County, Arkansas!!Percent","Drew County, Arkansas!!Percent","Faulkner County, Arkansas!!Percent","Franklin County, Arkansas!!Percent","Fulton County, Arkansas!!Percent","Garland County, Arkansas!!Percent","Grant County, Arkansas!!Percent","Greene County, Arkansas!!Percent","Hempstead County, Arkansas!!Percent","Hot Spring County, Arkansas!!Percent","Howard County, Arkansas!!Percent","Independence County, Arkansas!!Percent","Izard County, Arkansas!!Percent","Jackson County, Arkansas!!Percent","Jefferson County, Arkansas!!Percent","Johnson County, Arkansas!!Percent","Lafayette County, Arkansas!!Percent","Lawrence County, Arkansas!!Percent","Lee County, Arkansas!!Percent","Lincoln County, Arkansas!!Percent","Little River County, Arkansas!!Percent","Logan County, Arkansas!!Percent","Lonoke County, Arkansas!!Percent","Madison County, Arkansas!!Percent","Marion County, Arkansas!!Percent","Miller County, Arkansas!!Percent","Mississippi County, Arkansas!!Percent","Monroe County, Arkansas!!Percent","Montgomery County, Arkansas!!Percent","Nevada County, Arkansas!!Percent","Newton County, Arkansas!!Percent","Ouachita County, Arkansas!!Percent","Perry County, Arkansas!!Percent","Phillips County, Arkansas!!Percent","Pike County, Arkansas!!Percent","Poinsett County, Arkansas!!Percent","Polk County, Arkansas!!Percent","Pope County, Arkansas!!Percent","Prairie County, Arkansas!!Percent","Pulaski County, Arkansas!!Percent","Randolph County, Arkansas!!Percent","St. Francis County, Arkansas!!Percent","Saline County, Arkansas!!Percent","Scott County, Arkansas!!Percent","Searcy County, Arkansas!!Percent","Sebastian County, Arkansas!!Percent","Sevier County, Arkansas!!Percent","Sharp County, Arkansas!!Percent","Stone County, Arkansas!!Percent","Union County, Arkansas!!Percent","Van Buren County, Arkansas!!Percent","Washington County, Arkansas!!Percent","White County, Arkansas!!Percent","Woodruff County, Arkansas!!Percent","Yell County, Arkansas!!Percent"
EMPLOYMENT STATUS,,,,,,,,,,,,,,,,,,,,,,,,,,,,,,,,,,,,,,,,,,,,,,,,,,,,,,,,,,,,,,,,,,,,,,,,,,,,
    Population 16 years and over,"2,388,169","14,123","15,794","35,446","209,647","29,694","8,443","4,344","22,609","8,285","18,603","11,955","20,971","6,400","19,318","16,584","85,132","49,302","36,610","13,111","5,898","8,926","14,778","99,121","14,255","10,142","81,666","14,498","35,620","16,692","27,380","10,223","29,607","11,481","13,903","54,876","20,609","5,627","13,323","7,560","11,364","9,942","17,487","56,831","13,054","13,904","34,700","31,939","5,589","7,569","6,568","6,518","18,830","8,382","14,006","8,700","18,742","15,889","51,083","6,650","311,090","14,032","20,632","96,307","8,112","6,546","100,511","12,582","14,049","10,460","30,611","13,792","184,444","62,447","5,252","16,999"
        In labor force,58.1%,58.9%,49.0%,45.8%,65.1%,57.0%,52.1%,52.2%,54.5%,44.5%,57.1%,54.9%,50.4%,50.7%,49.0%,58.5%,63.8%,55.5%,62.2%,59.4%,51.4%,51.6%,54.1%,62.1%,51.2%,42.6%,53.3%,57.4%,58.8%,54.8%,51.4%,58.0%,57.3%,41.9%,45.2%,50.4%,52.5%,48.9%,53.8%,41.4%,30.0%,56.1%,54.9%,63.2%,53.6%,42.7%,53.5%,61.6%,55.1%,46.3%,50.0%,43.7%,50.4%,46.3%,53.1%,55.6%,53.7%,51.7%,55.8%,57.7%,63.0%,52.1%,45.6%,62.9%,57.5%,48.5%,61.4%,59.3%,46.0%,43.8%,54.1%,45.5%,65.0%,54.4%,56.6%,58.0%
            Civilian labor force,57.8%,58.9%,49.0%,45.8%,65.1%,57.0%,52.1%,52.2%,54.4%,44.4%,57.1%,54.9%,50.4%,50.6%,49.0%,58.5%,63.6%,55.2%,62.2%,59.4%,50.9%,51.6%,54.1%,61.9%,51.2%,42.5%,53.3%,57.4%,58.8%,54.8%,51.4%,58.0%,57.2%,41.8%,45.2%,50.4%,52.5%,48.9%,53.8%,41.4%,30.0%,56.1%,54.8%,61.3%,53.5%,42.7%,53.4%,61.6%,55.1%,46.3%,50.0%,43.6%,50.4%,46.3%,52.6%,55.4%,53.6%,51.6%,55.7%,57.7%,62.2%,52.1%,45.3%,62.7%,57.5%,48.5%,61.2%,59.3%,45.9%,43.7%,54.1%,45.5%,64.9%,54.3%,56.6%,57.8%
                Employed,54.8%,56.1%,46.8%,43.3%,63.4%,54.4%,49.2%,48.0%,52.0%,39.6%,55.0%,51.7%,47.9%,49.0%,45.8%,54.2%,59.9%,52.6%,56.4%,55.2%,47.4%,49.0%,52.6%,59.7%,48.4%,40.3%,49.9%,55.5%,54.4%,51.7%,48.5%,54.2%,54.7%,37.4%,40.5%,46.1%,50.5%,45.6%,49.6%,35.7%,29.5%,51.7%,51.4%,58.4%,49.4%,40.1%,49.1%,56.1%,51.6%,42.8%,47.2%,41.3%,46.6%,43.9%,45.0%,53.3%,51.1%,46.2%,52.5%,54.3%,59.1%,49.8%,42.6%,60.2%,54.2%,46.7%,58.2%,56.4%,43.5%,40.1%,52.0%,42.3%,62.1%,51.6%,53.3%,55.7%
                Unemployed,3.0%,2.8%,2.2%,2.5%,1.7%,2.6%,3.0%,4.2%,2.4%,4.8%,2.0%,3.2%,2.6%,1.6%,3.2%,4.3%,3.7%,2.6%,5.8%,4.2%,3.6%,2.6%,1.5%,2.2%,2.8%,2.2%,3.4%,1.9%,4.4%,3.1%,2.9%,3.8%,2.5%,4.5%,4.8%,4.3%,2.1%,3.3%,4.2%,5.7%,0.5%,4.4%,3.4%,2.9%,4.1%,2.6%,4.3%,5.5%,3.4%,3.5%,2.8%,2.3%,3.8%,2.5%,7.6%,2.1%,2.5%,5.4%,3.2%,3.5%,3.1%,2.2%,2.7%,2.5%,3.3%,1.8%,3.0%,2.9%,2.4%,3.6%,2.1%,3.2%,2.9%,2.7%,3.3%,2.1%
            Armed Forces,0.2%,0.0%,0.0%,0.0%,0.0%,0.0%,0.0%,0.0%,0.0%,0.1%,0.0%,0.0%,0.0%,0.1%,0.0%,0.0%,0.1%,0.3%,0.0%,0.0%,0.5%,0.0%,0.1%,0.3%,0.0%,0.1%,0.0%,0.0%,0.0%,0.0%,0.1%,0.0%,0.1%,0.0%,0.0%,0.0%,0.0%,0.0%,0.0%,0.0%,0.0%,0.0%,0.2%,1.9%,0.1%,0.0%,0.1%,0.0%,0.0%,0.0%,0.0%,0.1%,0.0%,0.0%,0.5%,0.1%,0.1%,0.1%,0.1%,0.0%,0.8%,0.0%,0.2%,0.2%,0.0%,0.0%,0.2%,0.0%,0.1%,0.1%,0.0%,0.0%,0.1%,0.1%,0.0%,0.1%
        Not in labor force,41.9%,41.1%,51.0%,54.2%,34.9%,43.0%,47.9%,47.8%,45.5%,55.5%,42.9%,45.1%,49.6%,49.3%,51.0%,41.5%,36.2%,44.5%,37.8%,40.6%,48.6%,48.4%,45.9%,37.9%,48.8%,57.4%,46.7%,42.6%,41.2%,45.2%,48.6%,42.0%,42.7%,58.1%,54.8%,49.6%,47.5%,51.1%,46.2%,58.6%,70.0%,43.9%,45.1%,36.8%,46.4%,57.3%,46.5%,38.4%,44.9%,53.7%,50.0%,56.3%,49.6%,53.7%,46.9%,44.4%,46.3%,48.3%,44.2%,42.3%,37.0%,47.9%,54.4%,37.1%,42.5%,51.5%,38.6%,40.7%,54.0%,56.2%,45.9%,54.5%,35.0%,45.6%,43.4%,42.0%
    Civilian labor force,"1,381,452","8,325","7,738","16,239","136,382","16,912","4,400","2,267","12,310","3,681","10,621","6,564","10,577","3,238","9,461","9,703","54,185","27,222","22,755","7,785","3,004","4,607","7,989","61,317","7,295","4,311","43,535","8,319","20,951","9,149","14,065","5,934","16,934","4,804","6,291","27,650","10,824","2,753","7,167","3,129","3,404","5,576","9,579","34,820","6,979","5,931","18,530","19,680","3,078","3,505","3,286","2,843","9,487","3,885","7,365","4,822","10,045","8,196","28,450","3,840","193,610","7,304","9,351","60,351","4,665","3,173","61,534","7,455","6,448","4,573","16,566","6,278","119,753","33,899","2,972","9,826"
        Unemployment Rate,5.2%,4.8%,4.5%,5.4%,2.6%,4.5%,5.7%,8.0%,4.5%,10.8%,3.6%,5.8%,5.1%,3.1%,6.5%,7.3%,5.8%,4.8%,9.3%,7.0%,7.0%,5.0%,2.8%,3.6%,5.4%,5.1%,6.3%,3.3%,7.5%,5.7%,5.6%,6.6%,4.3%,10.7%,10.6%,8.6%,3.9%,6.7%,7.8%,13.8%,1.7%,7.9%,6.1%,4.7%,7.7%,6.0%,8.1%,8.9%,6.2%,7.5%,5.6%,5.3%,7.5%,5.4%,14.4%,3.8%,4.7%,10.5%,5.7%,6.0%,5.0%,4.3%,6.0%,3.9%,5.8%,3.7%,4.9%,4.9%,5.2%,8.2%,3.9%,7.1%,4.4%,4.9%,5.8%,3.6%
    Females 16 years and over,"1,228,801","7,451","8,276","18,467","106,289","15,175","4,508","2,205","11,503","4,146","9,955","6,114","10,565","3,297","10,179","8,589","44,366","25,213","19,646","6,889","3,083","4,828","7,783","51,546","7,275","5,201","42,867","7,364","18,347","8,848","13,067","5,459","15,170","5,389","7,052","27,973","10,505","2,943","6,775","3,212","3,844","5,266","8,907","29,428","6,358","7,200","17,793","16,574","3,022","3,791","3,351","3,348","10,013","4,076","7,564","4,389","9,728","8,134","26,175","3,472","165,327","7,083","8,948","49,698","4,016","3,229","51,995","6,192","7,192","5,307","15,976","7,011","92,974","32,538","2,824","8,538"
        In labor force,54.0%,54.7%,44.5%,44.0%,58.9%,54.4%,46.5%,43.3%,47.8%,47.1%,51.2%,52.0%,44.6%,48.2%,46.6%,56.5%,60.5%,49.5%,58.9%,54.4%,50.2%,45.5%,50.9%,57.6%,49.0%,42.2%,50.1%,52.1%,51.9%,48.5%,51.1%,54.8%,53.3%,41.4%,35.8%,52.5%,47.9%,46.2%,48.1%,41.8%,49.0%,52.5%,50.2%,58.9%,46.4%,40.3%,50.1%,57.7%,53.6%,42.5%,51.6%,40.4%,47.5%,40.4%,49.3%,51.9%,48.7%,46.3%,52.2%,54.5%,59.7%,41.7%,46.1%,59.1%,55.4%,46.7%,55.3%,50.5%,41.4%,37.6%,50.8%,43.4%,58.6%,49.4%,52.4%,51.2%
            Civilian labor force,53.9%,54.7%,44.5%,44.0%,58.9%,54.4%,46.5%,43.3%,47.8%,47.1%,51.2%,52.0%,44.6%,48.0%,46.6%,56.5%,60.5%,49.5%,58.9%,54.4%,50.2%,45.5%,50.9%,57.6%,49.0%,42.2%,50.1%,52.1%,51.9%,48.5%,51.1%,54.8%,53.3%,41.4%,35.8%,52.5%,47.9%,46.2%,48.1%,41.8%,49.0%,52.5%,49.8%,58.5%,46.1%,40.3%,49.9%,57.7%,53.6%,42.5%,51.6%,40.4%,47.5%,40.4%,49.3%,51.9%,48.7%,46.3%,52.2%,54.5%,59.3%,41.7%,46.1%,59.1%,55.4%,46.7%,55.3%,50.5%,41.4%,37.6%,50.8%,43.4%,58.6%,49.4%,52.4%,51.2%
                Employed,51.2%,51.6%,42.5%,41.4%,57.3%,51.5%,42.9%,37.4%,46.2%,42.3%,49.9%,50.2%,42.8%,46.3%,42.8%,53.3%,56.4%,47.7%,53.4%,50.7%,45.6%,43.5%,49.7%,55.8%,45.2%,40.9%,47.9%,50.7%,48.0%,45.5%,49.7%,49.8%,51.4%,39.8%,32.8%,48.3%,46.7%,44.6%,43.6%,36.5%,49.0%,49.8%,46.6%,56.1%,43.8%,38.3%,45.8%,52.8%,49.7%,39.5%,47.7%,38.1%,43.9%,37.6%,39.7%,49.6%,46.3%,41.4%,48.9%,51.6%,56.4%,39.4%,43.2%,56.9%,51.5%,44.3%,52.5%,48.8%,39.7%,35.7%,49.4%,40.1%,56.1%,47.0%,47.9%,49.0%
    Own children of the householder under 6 years,"213,162","1,342","1,224","1,794","21,963","2,660",665,245,"1,922",677,"1,301",943,"1,339",424,"1,647","1,369","8,200","4,333","4,294","1,252",354,859,"1,251","8,813","1,001",736,"5,886","1,166","3,660","1,647","1,913","1,058","2,613",630,"1,026","4,746","1,897",343,"1,083",503,729,650,"1,370","5,548","1,240",803,"2,861","3,391",533,429,538,448,"1,422",587,"1,354",642,"1,598","1,260","4,502",529,"29,750","1,113","1,717","8,236",698,429,"9,151","1,522",916,661,"2,808",818,"19,068","5,119",367,"1,576"
        All parents in family in labor force,66.0%,75.0%,51.4%,63.9%,62.5%,65.9%,44.7%,60.0%,52.7%,50.7%,51.9%,66.4%,66.5%,81.8%,77.3%,80.7%,78.1%,54.1%,69.3%,82.3%,91.8%,85.9%,72.5%,70.0%,67.2%,51.4%,60.9%,79.0%,57.5%,65.8%,63.8%,72.4%,73.6%,60.6%,69.7%,67.8%,63.8%,58.9%,56.0%,79.3%,65.4%,65.5%,61.8%,67.4%,63.3%,77.7%,67.6%,67.0%,91.7%,38.2%,95.2%,76.6%,55.8%,57.8%,66.3%,58.6%,56.7%,66.3%,60.3%,77.9%,67.8%,62.5%,65.5%,69.8%,69.2%,44.8%,69.3%,58.6%,72.5%,57.9%,67.7%,70.3%,64.6%,55.5%,79.8%,57.9%
    Own children of the householder 6 to 17 years,"441,934","2,387","2,996","4,782","47,289","4,758","1,703",683,"3,960","1,430","2,716","1,937","2,989","1,259","2,700","3,189","16,739","9,592","8,005","2,357",569,"1,912","2,386","19,004","2,679","1,551","12,279","2,746","6,396","3,531","4,814","2,273","5,215","1,523","2,062","8,987","4,194",723,"2,184",958,"1,278","1,636","2,775","12,370","2,285","1,704","6,409","6,422",806,"1,047","1,049","1,029","3,523","1,578","2,833","1,446","3,319","2,979","9,132",993,"56,047","2,577","3,220","18,175","1,577","1,033","19,543","3,052","2,363","1,653","6,067","2,114","36,506","11,848",826,"3,263"
        All parents in family in labor force,69.8%,82.0%,62.1%,60.7%,68.2%,73.8%,61.7%,74.1%,68.9%,57.1%,60.5%,75.9%,65.4%,66.2%,56.5%,70.4%,77.2%,57.1%,78.9%,79.0%,85.6%,64.0%,79.3%,76.8%,65.6%,56.7%,64.6%,71.3%,74.2%,61.0%,76.6%,68.6%,70.7%,70.1%,67.0%,74.6%,71.9%,64.6%,65.2%,57.5%,70.3%,67.1%,72.4%,74.1%,67.5%,69.5%,67.4%,72.4%,70.2%,58.5%,62.6%,69.8%,76.0%,66.0%,72.3%,64.7%,58.5%,66.3%,70.5%,85.3%,72.7%,58.0%,67.1%,80.2%,56.4%,65.9%,61.9%,51.7%,64.9%,55.9%,73.1%,61.4%,69.2%,64.4%,85.6%,66.2%
COMMUTING TO WORK,,,,,,,,,,,,,,,,,,,,,,,,,,,,,,,,,,,,,,,,,,,,,,,,,,,,,,,,,,,,,,,,,,,,,,,,,,,,
    Workers 16 years and over,"1,294,646","7,864","7,284","15,091","131,630","15,877","4,104","2,085","11,639","3,280","10,127","6,082","9,882","3,063","8,790","8,910","50,002","25,712","20,394","7,008","2,773","4,335","7,633","58,854","6,804","4,053","39,681","7,942","18,786","8,473","13,121","5,483","16,029","4,213","5,600","24,773","10,277","2,508","6,447","2,640","3,227","5,001","8,846","33,736","6,251","5,450","16,736","17,257","2,770","3,194","3,006","2,641","8,743","3,594","6,143","4,608","9,405","7,225","26,475","3,552","184,037","6,828","8,742","57,323","4,259","2,952","57,633","6,910","6,066","4,134","15,665","5,776","113,124","31,923","2,792","9,373"
"        Car, truck, or van -- drove alone",82.3%,87.0%,84.3%,80.5%,83.3%,82.7%,84.5%,89.8%,78.9%,84.5%,76.9%,80.9%,84.7%,87.1%,84.6%,79.1%,83.7%,87.9%,81.3%,84.1%,85.5%,83.8%,82.3%,84.2%,82.8%,81.0%,80.6%,80.6%,83.3%,83.0%,83.5%,82.3%,83.9%,78.6%,82.6%,88.0%,79.0%,79.8%,85.4%,75.0%,86.5%,86.1%,78.0%,85.1%,88.2%,77.8%,84.8%,84.6%,81.8%,78.5%,78.6%,82.2%,88.5%,80.5%,86.5%,78.3%,81.2%,77.6%,82.8%,80.0%,81.8%,81.8%,84.5%,83.2%,79.5%,76.3%,81.5%,73.1%,81.2%,78.2%,88.2%,75.5%,76.9%,84.6%,85.9%,79.6%
"        Car, truck, or van -- carpooled",10.2%,7.4%,9.2%,11.8%,8.2%,9.6%,8.5%,5.0%,8.9%,4.6%,12.9%,9.1%,9.4%,5.4%,7.8%,13.3%,10.8%,7.9%,11.9%,10.7%,11.1%,12.1%,10.2%,9.0%,11.3%,6.8%,11.5%,11.8%,11.5%,13.5%,11.5%,12.1%,10.4%,13.1%,9.2%,6.6%,10.9%,10.9%,9.6%,16.2%,10.8%,10.3%,12.1%,8.6%,6.8%,12.7%,9.8%,12.8%,14.9%,16.3%,17.8%,6.0%,6.8%,11.0%,10.0%,14.9%,11.4%,15.8%,10.4%,8.2%,9.2%,10.2%,8.8%,11.3%,14.6%,17.2%,10.3%,21.8%,12.0%,8.4%,6.8%,14.0%,12.9%,9.3%,6.9%,11.6%
        Public transportation (excluding taxicab),0.3%,0.0%,0.0%,0.0%,0.1%,0.1%,0.0%,0.2%,0.1%,0.2%,0.5%,0.0%,0.0%,0.0%,0.3%,0.0%,0.2%,0.0%,0.2%,0.0%,0.0%,0.0%,0.0%,0.2%,1.1%,1.2%,0.2%,0.0%,0.2%,0.6%,0.2%,0.2%,0.2%,0.0%,0.0%,0.5%,0.8%,0.4%,0.0%,0.0%,0.3%,0.0%,0.8%,0.2%,0.0%,0.1%,0.5%,0.2%,0.0%,0.0%,1.8%,0.0%,0.0%,0.1%,0.0%,0.1%,0.0%,0.4%,0.5%,0.0%,0.7%,0.0%,0.0%,0.1%,0.2%,0.5%,0.2%,0.1%,0.1%,0.0%,0.4%,0.0%,0.6%,0.2%,0.0%,0.1%
        Walked,1.6%,2.0%,2.1%,2.9%,1.2%,1.5%,3.3%,2.0%,3.6%,5.2%,5.3%,3.3%,1.2%,2.5%,5.7%,1.0%,1.5%,1.5%,1.2%,1.2%,2.0%,2.0%,4.8%,1.6%,0.7%,3.5%,2.0%,0.8%,1.9%,1.2%,2.7%,2.6%,0.8%,2.7%,1.3%,1.3%,2.9%,2.4%,1.2%,0.8%,0.1%,0.6%,2.5%,1.1%,1.0%,1.9%,1.0%,0.5%,2.7%,0.8%,0.8%,1.4%,1.2%,0.9%,1.3%,1.8%,1.9%,1.0%,1.8%,2.2%,1.4%,1.7%,2.0%,0.6%,1.2%,1.4%,1.6%,1.1%,2.8%,4.9%,1.9%,3.0%,1.7%,2.3%,3.0%,1.4%
        Other means,1.1%,1.3%,2.4%,0.9%,0.7%,0.3%,2.2%,2.0%,1.3%,3.4%,0.8%,1.3%,0.5%,1.1%,0.8%,0.9%,0.3%,0.3%,0.7%,0.8%,0.9%,0.1%,1.0%,1.1%,1.7%,0.3%,1.6%,0.3%,0.5%,0.1%,0.2%,0.2%,1.2%,3.6%,2.8%,1.2%,2.6%,2.1%,0.9%,1.3%,0.2%,2.5%,2.7%,1.2%,1.3%,1.0%,0.8%,0.9%,0.0%,0.6%,0.5%,0.5%,0.9%,0.5%,0.5%,1.3%,0.6%,1.0%,1.6%,2.1%,1.6%,0.9%,1.8%,0.7%,1.8%,1.1%,2.1%,0.9%,1.1%,1.8%,0.4%,3.3%,1.2%,1.2%,0.4%,1.1%
        Worked from home,4.4%,2.3%,2.0%,3.8%,6.4%,5.7%,1.5%,1.0%,7.2%,2.1%,3.6%,5.3%,4.1%,4.0%,0.9%,5.7%,3.5%,2.4%,4.9%,3.2%,0.5%,2.0%,1.8%,3.9%,2.3%,7.1%,3.9%,6.4%,2.6%,1.6%,1.9%,2.5%,3.6%,2.0%,4.1%,2.4%,3.8%,4.5%,2.9%,6.9%,2.1%,0.5%,3.9%,3.9%,2.7%,6.5%,3.0%,0.9%,0.7%,3.8%,0.7%,9.9%,2.5%,7.0%,1.7%,3.7%,4.9%,4.2%,2.9%,7.5%,5.2%,5.3%,2.8%,4.0%,2.8%,3.5%,4.3%,3.0%,2.8%,6.7%,2.4%,4.2%,6.8%,2.5%,3.8%,6.1%
        Mean travel time to work (minutes),(X),(X),(X),(X),(X),(X),(X),(X),(X),(X),(X),(X),(X),(X),(X),(X),(X),(X),(X),(X),(X),(X),(X),(X),(X),(X),(X),(X),(X),(X),(X),(X),(X),(X),(X),(X),(X),(X),(X),(X),(X),(X),(X),(X),(X),(X),(X),(X),(X),(X),(X),(X),(X),(X),(X),(X),(X),(X),(X),(X),(X),(X),(X),(X),(X),(X),(X),(X),(X),(X),(X),(X),(X),(X),(X),(X)
OCCUPATION,,,,,,,,,,,,,,,,,,,,,,,,,,,,,,,,,,,,,,,,,,,,,,,,,,,,,,,,,,,,,,,,,,,,,,,,,,,,
    Civilian employed population 16 years and over,"1,309,748","7,929","7,389","15,355","132,873","16,152","4,150","2,085","11,759","3,282","10,240","6,182","10,037","3,138","8,843","8,992","51,025","25,924","20,641","7,237","2,794","4,377","7,766","59,134","6,898","4,091","40,787","8,048","19,390","8,627","13,282","5,544","16,206","4,289","5,625","25,271","10,398","2,568","6,606","2,697","3,347","5,136","8,991","33,170","6,444","5,575","17,026","17,926","2,886","3,241","3,103","2,693","8,779","3,677","6,303","4,639","9,572","7,335","26,827","3,609","183,975","6,993","8,791","57,987","4,394","3,057","58,496","7,091","6,113","4,197","15,928","5,833","114,481","32,226","2,800","9,476"
"        Management, business, science, and arts occupations",34.9%,31.3%,25.1%,32.1%,38.7%,33.3%,29.5%,21.4%,29.6%,28.2%,29.2%,31.5%,27.5%,34.1%,33.3%,28.6%,35.5%,29.3%,31.4%,24.1%,20.6%,28.2%,35.7%,40.3%,28.7%,30.0%,31.9%,34.5%,30.8%,25.5%,30.5%,24.9%,30.3%,30.5%,25.7%,29.7%,28.5%,29.0%,26.4%,29.0%,28.0%,32.1%,24.7%,35.8%,26.7%,30.5%,33.7%,27.5%,23.0%,29.7%,23.7%,25.9%,33.2%,29.2%,27.5%,29.1%,25.5%,31.9%,32.3%,30.8%,42.8%,28.7%,26.1%,38.2%,27.9%,25.0%,33.5%,19.3%,24.6%,30.7%,34.5%,27.8%,40.7%,32.9%,32.9%,22.3%
        Service occupations,16.6%,15.3%,17.6%,16.3%,14.2%,16.9%,16.0%,13.3%,16.9%,18.1%,22.3%,16.3%,19.9%,8.2%,16.0%,17.6%,16.8%,16.4%,17.8%,14.9%,26.2%,20.3%,17.0%,17.1%,14.0%,22.4%,21.9%,14.6%,14.9%,18.2%,19.0%,15.8%,16.9%,20.7%,22.0%,21.2%,15.4%,15.9%,15.4%,17.6%,16.6%,11.0%,17.4%,14.4%,13.5%,17.5%,16.2%,14.5%,19.1%,12.7%,26.7%,13.9%,20.0%,14.4%,17.9%,16.4%,19.6%,18.4%,20.2%,15.8%,16.0%,15.9%,17.0%,14.3%,14.3%,17.6%,16.9%,15.2%,21.0%,19.5%,16.1%,18.7%,15.5%,18.7%,15.1%,17.8%
        Sales and office occupations,21.2%,19.2%,16.8%,21.5%,22.7%,23.9%,13.5%,18.5%,19.4%,17.7%,21.4%,20.1%,19.7%,22.1%,18.3%,18.0%,22.5%,23.6%,19.6%,24.8%,17.0%,21.6%,20.5%,21.5%,20.0%,19.1%,25.5%,19.2%,19.8%,17.8%,21.8%,16.0%,20.7%,16.2%,20.3%,18.2%,18.7%,20.8%,22.9%,18.3%,21.3%,15.7%,18.9%,23.2%,19.6%,18.2%,22.2%,19.1%,19.8%,23.6%,11.4%,24.8%,14.6%,19.8%,22.3%,17.9%,19.6%,17.0%,18.2%,24.8%,23.1%,14.9%,17.1%,24.5%,16.8%,22.6%,21.5%,14.8%,22.5%,15.3%,21.6%,18.6%,19.8%,19.1%,22.5%,20.7%
"        Natural resources, construction, and maintenance occupations",10.1%,12.3%,12.7%,8.7%,8.7%,9.1%,14.7%,20.2%,13.5%,10.7%,9.1%,12.8%,15.1%,15.6%,8.9%,15.8%,9.3%,10.1%,10.6%,15.1%,8.6%,12.2%,11.6%,8.6%,12.7%,12.0%,10.0%,13.3%,13.0%,13.5%,12.0%,17.6%,10.3%,11.4%,11.9%,7.5%,10.6%,14.3%,12.4%,15.5%,14.1%,15.5%,12.3%,12.3%,18.1%,10.5%,8.9%,11.1%,7.8%,13.5%,16.1%,13.9%,8.6%,15.1%,10.5%,11.9%,12.9%,14.5%,9.6%,12.9%,6.2%,15.2%,17.5%,9.8%,12.7%,11.6%,9.6%,19.2%,13.3%,23.2%,10.6%,13.0%,9.3%,12.0%,8.2%,12.8%
"        Production, transportation, and material moving occupations",17.3%,21.8%,27.9%,21.4%,15.7%,16.8%,26.2%,26.6%,20.6%,25.3%,18.1%,19.2%,17.8%,20.0%,23.5%,19.9%,15.9%,20.6%,20.5%,21.1%,27.6%,17.6%,15.3%,12.5%,24.6%,16.5%,10.8%,18.3%,21.5%,25.0%,16.6%,25.8%,21.8%,21.1%,20.1%,23.4%,26.8%,19.9%,22.9%,19.6%,19.9%,25.7%,26.7%,14.3%,22.0%,23.3%,19.0%,27.8%,30.4%,20.5%,22.1%,21.5%,23.6%,21.4%,21.8%,24.7%,22.5%,18.2%,19.8%,15.8%,11.9%,25.3%,22.3%,13.3%,28.3%,23.1%,18.5%,31.4%,18.6%,11.3%,17.2%,21.9%,14.7%,17.2%,21.4%,26.4%
INDUSTRY,,,,,,,,,,,,,,,,,,,,,,,,,,,,,,,,,,,,,,,,,,,,,,,,,,,,,,,,,,,,,,,,,,,,,,,,,,,,
    Civilian employed population 16 years and over,"1,309,748","7,929","7,389","15,355","132,873","16,152","4,150","2,085","11,759","3,282","10,240","6,182","10,037","3,138","8,843","8,992","51,025","25,924","20,641","7,237","2,794","4,377","7,766","59,134","6,898","4,091","40,787","8,048","19,390","8,627","13,282","5,544","16,206","4,289","5,625","25,271","10,398","2,568","6,606","2,697","3,347","5,136","8,991","33,170","6,444","5,575","17,026","17,926","2,886","3,241","3,103","2,693","8,779","3,677","6,303","4,639","9,572","7,335","26,827","3,609","183,975","6,993","8,791","57,987","4,394","3,057","58,496","7,091","6,113","4,197","15,928","5,833","114,481","32,226","2,800","9,476"
"        Agriculture, forestry, fishing and hunting, and mining",2.7%,10.6%,7.6%,1.2%,1.4%,2.5%,11.3%,7.5%,7.3%,9.3%,2.7%,11.2%,2.2%,7.0%,3.4%,7.6%,2.5%,1.2%,2.7%,7.2%,2.5%,11.1%,4.5%,1.2%,4.4%,2.9%,1.4%,4.7%,3.5%,7.9%,1.6%,9.8%,2.7%,6.2%,8.1%,1.4%,4.6%,11.7%,6.6%,15.7%,5.0%,2.7%,6.2%,2.4%,5.4%,1.9%,1.5%,4.9%,7.9%,10.3%,8.9%,4.3%,1.6%,4.5%,8.9%,5.8%,7.6%,6.9%,2.2%,11.5%,0.4%,5.8%,6.5%,0.8%,7.9%,4.5%,2.0%,7.5%,4.2%,11.7%,2.4%,5.0%,1.0%,2.5%,8.1%,6.2%
        Construction,6.9%,5.5%,7.7%,6.3%,7.0%,7.2%,7.8%,11.3%,8.5%,4.8%,5.8%,5.4%,10.1%,3.8%,2.7%,9.0%,6.8%,6.4%,4.8%,8.1%,4.2%,4.1%,6.7%,7.0%,9.1%,7.6%,8.2%,8.2%,9.4%,5.1%,8.3%,5.2%,6.4%,4.6%,7.1%,4.2%,4.0%,9.7%,7.0%,5.2%,5.1%,8.2%,4.4%,7.9%,11.4%,5.9%,5.7%,3.8%,4.2%,9.9%,6.8%,12.6%,6.0%,14.9%,4.2%,5.6%,8.6%,6.8%,5.9%,7.1%,6.1%,9.1%,10.4%,7.1%,4.2%,7.1%,6.9%,10.2%,8.4%,12.6%,8.3%,7.4%,8.0%,6.7%,3.2%,6.1%
        Manufacturing,13.4%,21.0%,19.6%,17.6%,13.9%,10.5%,19.3%,15.8%,20.8%,21.1%,11.0%,11.9%,14.2%,17.9%,17.7%,18.6%,13.3%,18.2%,11.4%,7.9%,26.4%,12.6%,13.3%,8.3%,21.4%,9.1%,7.6%,12.2%,20.0%,21.0%,11.9%,31.3%,19.6%,16.1%,15.3%,16.3%,23.7%,15.2%,14.5%,10.9%,16.5%,18.5%,23.9%,6.9%,17.2%,27.6%,16.2%,28.9%,20.7%,11.4%,18.4%,14.3%,21.6%,11.9%,12.1%,19.0%,15.1%,17.0%,15.1%,10.5%,6.4%,21.3%,13.7%,8.3%,30.1%,16.5%,17.2%,27.4%,13.1%,7.3%,17.3%,8.7%,13.2%,11.3%,14.5%,23.9%
        Wholesale trade,2.4%,2.3%,0.8%,1.7%,3.0%,1.8%,1.6%,0.0%,0.1%,3.6%,0.8%,2.7%,1.0%,1.7%,1.4%,1.5%,2.4%,2.3%,3.7%,4.3%,0.1%,4.2%,1.4%,2.3%,1.3%,3.4%,2.5%,3.5%,1.6%,1.6%,2.0%,0.5%,1.4%,1.2%,2.9%,2.3%,0.5%,0.5%,1.7%,1.6%,0.8%,1.0%,0.6%,3.8%,1.9%,0.8%,3.2%,1.6%,4.4%,2.2%,0.1%,0.3%,2.2%,1.1%,2.2%,2.4%,3.5%,2.8%,3.2%,1.8%,2.8%,1.7%,4.0%,3.4%,3.3%,2.5%,2.8%,1.4%,0.9%,1.2%,2.2%,1.3%,2.4%,1.7%,5.5%,1.1%
        Retail trade,13.1%,11.3%,12.2%,15.0%,21.5%,12.6%,6.0%,12.1%,10.8%,6.9%,13.7%,14.1%,12.5%,11.3%,13.4%,9.7%,13.3%,14.1%,12.5%,15.4%,5.5%,11.7%,11.7%,12.0%,10.2%,11.5%,15.2%,9.0%,12.7%,10.5%,15.3%,8.6%,9.5%,7.5%,14.4%,10.9%,13.8%,12.2%,12.2%,10.6%,11.0%,11.6%,13.5%,12.6%,13.3%,13.9%,13.8%,10.9%,11.4%,12.9%,8.8%,12.4%,7.7%,19.2%,11.5%,10.7%,11.5%,11.8%,11.9%,11.9%,11.2%,10.6%,11.6%,12.2%,7.5%,14.6%,11.6%,9.9%,14.2%,11.2%,11.8%,12.0%,12.2%,13.4%,8.4%,13.2%
"        Transportation and warehousing, and utilities",5.9%,5.2%,7.2%,3.5%,5.2%,13.2%,2.8%,6.4%,3.9%,4.1%,6.4%,5.9%,6.6%,7.7%,7.9%,7.2%,4.1%,6.7%,10.8%,8.4%,11.1%,3.4%,2.3%,4.9%,8.4%,9.1%,2.4%,8.1%,5.0%,6.9%,4.4%,5.1%,5.5%,3.0%,4.9%,5.6%,6.1%,5.0%,10.1%,5.5%,4.1%,6.0%,6.0%,9.3%,7.4%,3.4%,5.9%,4.8%,8.2%,6.4%,4.0%,8.1%,7.5%,5.1%,5.6%,5.4%,6.2%,4.8%,7.7%,7.2%,5.4%,7.8%,8.0%,6.3%,3.7%,6.9%,7.0%,4.7%,5.7%,3.8%,4.1%,10.5%,5.6%,7.4%,8.3%,7.2%
        Information,1.4%,1.5%,0.5%,1.3%,0.8%,1.6%,1.0%,0.9%,2.4%,0.6%,0.7%,0.5%,0.5%,0.6%,0.7%,1.7%,1.5%,1.0%,1.8%,0.6%,0.4%,0.9%,0.4%,2.4%,0.5%,0.2%,1.6%,1.4%,0.6%,0.3%,0.5%,2.7%,1.0%,1.5%,0.2%,0.8%,0.6%,0.7%,0.4%,0.0%,2.7%,0.3%,1.0%,1.7%,1.9%,1.9%,1.7%,2.3%,0.2%,0.4%,0.0%,0.7%,0.8%,1.3%,0.3%,1.5%,1.5%,1.0%,0.8%,0.4%,2.5%,0.1%,0.6%,2.2%,0.9%,0.0%,1.0%,0.0%,1.3%,1.2%,0.7%,0.0%,1.1%,0.9%,0.3%,1.2%
"        Finance and insurance, and real estate and rental and leasing",4.9%,3.3%,1.5%,6.2%,4.6%,3.6%,4.9%,2.6%,4.3%,4.0%,3.2%,5.3%,4.5%,8.0%,4.8%,1.7%,5.3%,4.9%,3.9%,5.0%,3.5%,4.2%,4.3%,5.3%,4.0%,3.0%,5.4%,3.9%,3.8%,3.5%,4.6%,1.1%,4.4%,2.6%,2.6%,5.4%,2.9%,3.0%,3.6%,1.8%,4.5%,3.5%,2.7%,6.9%,2.9%,4.8%,5.2%,3.4%,2.3%,3.6%,2.1%,6.6%,2.8%,2.3%,5.4%,3.7%,2.5%,2.5%,4.6%,5.7%,7.0%,2.3%,3.8%,7.2%,5.5%,3.9%,4.3%,2.2%,4.6%,2.0%,7.0%,6.7%,4.2%,4.1%,7.6%,3.4%
"        Professional, scientific, and management, and administrative and waste management services",7.7%,4.0%,3.1%,6.2%,10.2%,6.8%,4.2%,9.5%,7.4%,2.6%,4.6%,3.3%,8.9%,5.3%,4.7%,8.8%,6.8%,8.3%,5.2%,5.9%,2.9%,5.7%,6.1%,9.4%,4.6%,3.3%,9.3%,6.8%,5.1%,3.7%,6.1%,1.6%,3.5%,2.5%,4.1%,4.5%,4.7%,3.9%,3.1%,5.2%,3.9%,5.0%,5.9%,6.4%,5.1%,6.6%,5.8%,3.5%,3.2%,5.1%,7.1%,3.0%,5.1%,6.8%,5.3%,3.9%,8.2%,4.7%,7.5%,7.9%,10.6%,3.9%,3.5%,8.1%,4.1%,3.6%,9.2%,6.7%,5.1%,4.3%,6.7%,4.3%,9.4%,6.7%,6.4%,4.5%
"        Educational services, and health care and social assistance",24.6%,21.0%,27.6%,26.5%,17.9%,23.9%,23.9%,23.0%,17.0%,22.4%,28.2%,27.1%,19.3%,25.5%,31.5%,22.3%,28.7%,22.2%,25.3%,20.7%,22.8%,24.8%,30.7%,28.2%,23.1%,34.5%,22.7%,25.6%,29.0%,22.1%,24.3%,20.6%,28.1%,32.5%,21.6%,25.4%,19.3%,22.0%,22.7%,20.2%,25.1%,27.0%,23.5%,23.5%,20.8%,19.1%,22.7%,22.6%,21.1%,22.0%,29.3%,22.0%,26.6%,19.1%,27.3%,22.7%,21.5%,23.7%,23.7%,23.9%,27.4%,26.0%,21.0%,27.6%,21.1%,29.6%,22.0%,19.9%,25.0%,20.3%,26.2%,23.7%,26.0%,28.8%,25.4%,18.7%
"        Arts, entertainment, and recreation, and accommodation and food services",7.9%,4.3%,5.1%,5.0%,7.8%,8.0%,8.0%,2.3%,9.5%,6.6%,14.9%,4.7%,9.0%,1.6%,5.6%,5.6%,7.4%,6.6%,8.9%,6.0%,8.7%,4.1%,4.1%,10.3%,4.8%,6.5%,13.4%,5.5%,3.9%,8.1%,9.8%,6.0%,8.7%,8.7%,7.3%,6.1%,9.1%,3.2%,9.0%,6.3%,3.2%,6.0%,5.0%,7.6%,3.8%,3.7%,7.4%,6.0%,5.4%,6.5%,6.2%,6.4%,5.0%,6.7%,7.5%,9.5%,5.0%,8.8%,10.8%,1.5%,8.5%,5.0%,6.9%,6.4%,3.3%,4.1%,8.6%,2.8%,6.2%,9.7%,5.8%,9.1%,9.3%,8.2%,7.1%,8.1%
"        Other services, except public administration",4.8%,4.7%,1.4%,6.0%,4.5%,5.3%,3.6%,2.1%,5.6%,5.7%,5.6%,4.4%,6.5%,4.4%,5.0%,2.9%,4.3%,5.6%,5.1%,3.3%,2.9%,4.0%,3.5%,4.8%,2.0%,5.4%,6.6%,6.7%,3.1%,5.9%,6.3%,2.9%,6.2%,4.0%,3.9%,6.4%,6.5%,4.9%,4.2%,7.7%,8.2%,6.1%,4.3%,3.9%,4.9%,5.7%,3.6%,3.5%,3.7%,4.2%,6.3%,2.3%,4.6%,2.1%,3.0%,5.5%,4.9%,5.5%,4.6%,4.4%,5.2%,3.0%,3.6%,4.8%,3.5%,2.0%,4.3%,4.8%,5.8%,5.0%,4.2%,7.4%,4.7%,6.0%,1.6%,3.5%
        Public administration,4.4%,5.4%,5.6%,3.5%,2.3%,3.1%,5.5%,6.5%,2.3%,8.3%,2.5%,3.4%,4.7%,5.1%,1.3%,3.5%,3.5%,2.6%,3.8%,7.1%,9.1%,9.3%,10.9%,4.0%,6.2%,3.5%,3.8%,4.5%,2.1%,3.5%,5.0%,4.5%,2.9%,9.7%,7.5%,10.8%,4.0%,8.1%,4.9%,9.1%,9.9%,4.4%,3.0%,7.1%,4.1%,4.6%,7.3%,4.0%,7.2%,5.0%,2.1%,6.8%,8.5%,4.9%,6.7%,4.1%,3.7%,3.8%,2.2%,6.2%,6.3%,3.4%,6.5%,5.6%,4.8%,5.0%,3.1%,2.6%,5.5%,9.6%,3.3%,3.9%,2.8%,2.3%,3.7%,2.9%
CLASS OF WORKER,,,,,,,,,,,,,,,,,,,,,,,,,,,,,,,,,,,,,,,,,,,,,,,,,,,,,,,,,,,,,,,,,,,,,,,,,,,,
    Civilian employed population 16 years and over,"1,309,748","7,929","7,389","15,355","132,873","16,152","4,150","2,085","11,759","3,282","10,240","6,182","10,037","3,138","8,843","8,992","51,025","25,924","20,641","7,237","2,794","4,377","7,766","59,134","6,898","4,091","40,787","8,048","19,390","8,627","13,282","5,544","16,206","4,289","5,625","25,271","10,398","2,568","6,606","2,697","3,347","5,136","8,991","33,170","6,444","5,575","17,026","17,926","2,886","3,241","3,103","2,693","8,779","3,677","6,303","4,639","9,572","7,335","26,827","3,609","183,975","6,993","8,791","57,987","4,394","3,057","58,496","7,091","6,113","4,197","15,928","5,833","114,481","32,226","2,800","9,476"
        Private wage and salary workers,78.6%,74.4%,78.0%,79.2%,85.8%,77.4%,75.5%,74.8%,74.1%,76.0%,81.3%,75.9%,78.6%,75.0%,77.6%,77.2%,80.2%,84.0%,78.8%,75.5%,79.5%,70.6%,70.6%,80.4%,74.2%,75.4%,81.6%,76.2%,79.6%,79.4%,79.2%,77.6%,76.8%,67.2%,72.9%,67.0%,82.7%,68.3%,72.7%,65.7%,69.0%,71.9%,75.8%,77.0%,77.3%,76.7%,76.7%,78.2%,76.0%,72.7%,75.0%,63.9%,72.0%,78.0%,68.8%,72.8%,78.1%,70.4%,79.8%,74.5%,76.6%,72.1%,74.7%,78.9%,73.2%,67.0%,83.3%,78.1%,72.8%,59.1%,77.5%,75.5%,79.5%,80.6%,76.5%,82.6%
        Government workers,15.2%,19.0%,18.8%,12.4%,8.1%,15.6%,20.6%,21.8%,13.7%,20.1%,13.3%,14.7%,10.7%,19.0%,16.4%,13.0%,13.8%,10.9%,14.5%,17.8%,17.3%,24.9%,24.8%,14.0%,19.4%,16.0%,11.7%,19.4%,12.7%,14.5%,15.0%,16.2%,17.4%,24.9%,18.0%,27.1%,11.8%,22.0%,18.4%,20.3%,23.3%,23.5%,17.2%,17.6%,13.1%,12.9%,19.0%,17.1%,15.3%,17.1%,18.8%,25.4%,22.5%,13.8%,24.6%,19.4%,13.9%,18.1%,13.2%,14.8%,18.6%,15.1%,16.9%,16.4%,16.4%,23.2%,11.3%,13.1%,19.3%,21.6%,17.4%,13.9%,14.7%,13.7%,13.4%,10.1%
        Self-employed in own not incorporated business workers,6.0%,5.8%,3.1%,7.7%,6.1%,6.7%,3.8%,3.4%,11.9%,3.8%,5.2%,9.0%,10.7%,6.0%,5.9%,9.7%,5.8%,4.7%,6.6%,6.5%,3.3%,3.8%,4.5%,5.4%,6.3%,8.6%,6.5%,4.1%,7.6%,5.3%,5.2%,6.2%,5.8%,7.9%,9.1%,5.8%,5.4%,9.7%,8.6%,13.9%,6.3%,4.6%,6.2%,5.3%,9.4%,10.2%,4.3%,4.6%,8.4%,10.1%,6.3%,10.8%,5.5%,8.1%,6.4%,7.6%,7.9%,11.1%,6.7%,9.2%,4.4%,12.6%,8.3%,4.6%,10.3%,9.8%,5.3%,8.6%,8.0%,19.0%,4.9%,10.1%,5.6%,5.3%,10.1%,7.0%
        Unpaid family workers,0.2%,0.8%,0.0%,0.8%,0.1%,0.3%,0.0%,0.0%,0.2%,0.1%,0.2%,0.4%,0.0%,0.0%,0.1%,0.0%,0.2%,0.4%,0.1%,0.2%,0.0%,0.7%,0.1%,0.2%,0.1%,0.0%,0.2%,0.3%,0.1%,0.7%,0.7%,0.0%,0.1%,0.0%,0.0%,0.1%,0.1%,0.0%,0.3%,0.1%,1.4%,0.0%,0.8%,0.1%,0.2%,0.3%,0.1%,0.1%,0.4%,0.2%,0.0%,0.0%,0.0%,0.2%,0.2%,0.2%,0.2%,0.5%,0.4%,1.6%,0.3%,0.2%,0.2%,0.2%,0.2%,0.0%,0.1%,0.2%,0.0%,0.3%,0.2%,0.5%,0.1%,0.4%,0.0%,0.4%
INCOME AND BENEFITS (IN 2020 INFLATION-ADJUSTED DOLLARS),,,,,,,,,,,,,,,,,,,,,,,,,,,,,,,,,,,,,,,,,,,,,,,,,,,,,,,,,,,,,,,,,,,,,,,,,,,,
    Total households,"1,170,544","7,416","7,716","18,727","99,661","15,043","4,233","1,754","11,079","4,052","8,336","6,476","10,882","3,170","8,456","8,491","42,203","24,065","19,021","6,568","2,992","5,059","7,207","45,091","6,671","5,014","40,906","7,049","17,587","8,100","12,515","5,271","14,325","4,911","6,241","26,630","9,792","2,898","6,584","3,202","3,598","5,292","8,359","27,218","6,045","6,918","16,237","16,623","3,234","3,706","3,188","2,996","9,487","3,700","7,561","4,215","9,567","8,114","22,863","3,755","161,652","7,294","9,313","45,098","4,114","3,235","52,026","5,690","7,315","4,866","15,855","7,220","89,094","28,903","3,002","7,797"
"        Less than $10,000",7.4%,9.6%,7.2%,5.4%,3.7%,7.1%,11.2%,9.1%,7.0%,14.5%,12.2%,7.4%,5.6%,6.4%,11.9%,5.6%,7.6%,6.0%,8.6%,5.6%,11.5%,9.9%,10.5%,8.1%,13.2%,7.7%,7.6%,6.3%,8.8%,8.2%,4.7%,5.4%,7.2%,7.9%,10.3%,10.0%,9.5%,13.3%,7.0%,19.1%,6.0%,7.4%,7.4%,5.1%,5.1%,10.2%,10.0%,8.3%,12.8%,7.4%,9.7%,7.4%,10.8%,6.2%,16.3%,6.9%,9.4%,6.6%,6.4%,6.2%,7.7%,7.6%,14.2%,3.8%,8.6%,8.5%,6.6%,7.1%,10.0%,10.6%,10.4%,7.9%,7.6%,7.2%,11.0%,6.1%
"        $10,000 to $14,999",5.6%,8.3%,8.4%,4.2%,3.0%,5.9%,5.2%,3.8%,7.1%,9.0%,5.4%,12.8%,6.4%,8.0%,9.3%,9.3%,5.2%,4.4%,7.2%,8.2%,8.6%,9.3%,7.5%,3.9%,10.1%,9.9%,5.6%,8.6%,4.4%,4.9%,8.0%,6.8%,5.5%,8.8%,7.7%,8.3%,5.9%,8.8%,7.7%,12.2%,8.5%,6.4%,7.1%,4.4%,6.8%,6.4%,6.2%,6.3%,8.5%,6.0%,10.5%,7.9%,7.3%,5.9%,12.1%,7.9%,8.0%,8.0%,5.4%,6.8%,4.7%,8.1%,12.0%,3.8%,8.0%,13.0%,4.8%,7.9%,6.9%,8.5%,6.6%,6.6%,4.1%,5.3%,7.7%,5.6%
"        $15,000 to $24,999",11.9%,11.1%,16.0%,14.1%,7.0%,11.5%,13.0%,11.3%,12.8%,15.9%,16.3%,11.6%,11.2%,17.0%,12.4%,15.9%,11.3%,13.2%,15.4%,12.8%,16.2%,17.8%,15.5%,10.2%,12.4%,17.0%,12.2%,9.0%,11.6%,12.6%,12.2%,21.8%,12.0%,12.6%,15.2%,14.0%,13.9%,13.8%,15.6%,17.1%,14.2%,14.2%,12.4%,10.2%,18.4%,13.2%,13.2%,16.6%,16.1%,16.1%,11.0%,15.9%,14.5%,16.0%,14.2%,14.2%,15.4%,17.6%,13.8%,12.8%,10.5%,14.8%,11.5%,8.4%,14.9%,15.3%,11.8%,11.6%,16.0%,20.3%,11.2%,14.2%,9.9%,14.9%,18.4%,12.1%
"        $25,000 to $34,999",11.3%,8.3%,9.3%,14.5%,7.3%,12.3%,11.6%,10.5%,12.9%,12.8%,10.7%,12.6%,14.0%,8.5%,14.0%,10.3%,11.9%,12.6%,10.7%,15.9%,13.5%,15.3%,11.3%,11.5%,11.3%,15.1%,10.9%,5.7%,10.2%,15.2%,12.1%,13.9%,11.9%,13.8%,12.2%,11.4%,16.1%,15.7%,13.8%,6.2%,13.3%,9.5%,11.4%,8.1%,13.4%,16.5%,9.3%,10.8%,11.1%,13.6%,13.5%,13.6%,14.2%,13.9%,8.4%,14.9%,10.6%,12.2%,14.4%,13.3%,11.0%,12.5%,11.1%,8.5%,11.8%,13.2%,13.9%,9.7%,16.4%,9.8%,12.8%,14.0%,11.1%,12.8%,10.7%,12.1%
"        $35,000 to $49,999",14.1%,10.9%,14.3%,17.9%,11.4%,16.5%,17.5%,14.6%,11.4%,13.5%,12.3%,16.6%,17.8%,14.8%,14.1%,12.8%,14.2%,14.7%,14.0%,12.1%,12.8%,12.7%,8.7%,13.7%,12.4%,13.7%,15.0%,12.1%,14.9%,11.3%,15.5%,13.9%,15.2%,16.2%,18.1%,14.8%,16.8%,12.1%,13.5%,9.7%,11.3%,13.5%,19.7%,14.1%,14.1%,18.3%,16.2%,14.3%,11.5%,16.7%,12.6%,14.2%,13.7%,13.3%,12.6%,12.7%,15.3%,17.3%,13.9%,15.6%,13.6%,15.3%,18.6%,11.9%,15.9%,19.2%,14.9%,17.3%,16.7%,12.6%,13.5%,17.6%,14.7%,14.8%,12.7%,15.1%
"        $50,000 to $74,999",18.4%,22.2%,17.0%,20.6%,19.5%,18.4%,16.7%,21.0%,20.2%,16.2%,15.4%,18.2%,19.6%,16.5%,15.8%,17.9%,17.7%,18.4%,14.4%,15.8%,18.4%,18.1%,15.1%,16.9%,17.0%,14.6%,21.6%,19.2%,20.5%,20.7%,20.7%,17.5%,20.4%,18.9%,16.4%,17.9%,16.8%,16.1%,20.8%,13.7%,25.6%,17.6%,20.4%,19.4%,13.3%,17.9%,18.7%,17.1%,14.0%,18.1%,25.7%,18.0%,15.8%,13.9%,17.7%,18.6%,21.4%,17.6%,18.1%,20.8%,17.6%,19.1%,15.2%,19.6%,22.0%,14.0%,18.2%,20.5%,17.2%,21.2%,15.5%,18.0%,18.8%,17.8%,13.1%,21.3%
"        $75,000 to $99,999",11.6%,10.4%,14.7%,9.9%,16.1%,12.5%,9.8%,12.1%,12.6%,7.4%,12.9%,10.4%,10.5%,12.5%,8.1%,11.2%,11.6%,12.2%,11.8%,13.7%,8.4%,8.7%,12.8%,12.2%,12.5%,10.4%,11.5%,13.4%,12.4%,12.4%,10.9%,8.8%,12.3%,11.7%,8.4%,9.5%,9.9%,8.1%,10.3%,11.5%,9.6%,13.8%,10.2%,14.8%,14.4%,8.2%,8.7%,8.5%,13.4%,8.5%,8.1%,13.6%,10.2%,10.6%,7.2%,8.7%,8.9%,8.5%,8.8%,11.6%,11.1%,11.2%,7.5%,15.7%,6.2%,9.6%,11.2%,10.6%,10.2%,8.2%,10.9%,10.3%,10.5%,10.1%,14.8%,13.3%
"        $100,000 to $149,999",11.7%,12.7%,9.3%,7.9%,16.2%,10.7%,9.9%,10.2%,9.2%,5.8%,10.8%,7.7%,7.0%,11.4%,8.7%,10.1%,12.3%,12.9%,12.2%,9.7%,8.2%,5.3%,12.9%,14.7%,7.1%,7.6%,9.1%,15.1%,13.3%,9.8%,11.8%,7.1%,10.2%,5.8%,8.0%,8.9%,7.1%,9.4%,7.8%,6.7%,6.0%,11.8%,7.6%,14.3%,10.9%,6.0%,11.7%,11.6%,8.4%,10.1%,7.2%,8.3%,9.6%,16.1%,8.4%,10.6%,8.0%,6.7%,10.6%,6.9%,12.3%,8.5%,5.4%,18.4%,9.3%,5.6%,11.9%,10.6%,3.7%,6.2%,11.4%,7.8%,12.9%,11.6%,5.8%,10.8%
"        $150,000 to $199,999",4.0%,4.3%,1.3%,3.4%,6.6%,2.7%,3.4%,7.1%,3.0%,1.3%,1.5%,0.9%,4.5%,3.3%,2.3%,3.9%,3.8%,3.6%,2.9%,4.2%,1.9%,0.8%,3.1%,5.0%,1.9%,3.6%,4.1%,8.5%,2.0%,2.0%,2.2%,2.4%,3.0%,2.9%,1.7%,2.9%,2.7%,2.3%,2.2%,1.5%,1.6%,4.1%,2.2%,6.2%,1.7%,1.3%,3.7%,3.6%,2.4%,2.2%,1.4%,0.6%,2.9%,2.7%,1.8%,2.6%,2.1%,2.1%,4.6%,2.8%,5.1%,1.5%,2.1%,5.5%,1.4%,0.9%,3.1%,1.9%,1.4%,1.6%,4.8%,2.3%,4.9%,2.8%,1.1%,2.5%
"        $200,000 or more",4.0%,2.2%,2.3%,2.0%,9.2%,2.4%,1.7%,0.2%,3.9%,3.7%,2.5%,1.8%,3.3%,1.6%,3.5%,3.0%,4.3%,2.0%,2.7%,2.0%,0.5%,2.0%,2.6%,3.8%,2.0%,0.6%,2.5%,2.2%,1.8%,2.8%,1.9%,2.4%,2.3%,1.2%,2.1%,2.1%,1.4%,0.5%,1.2%,2.3%,3.8%,1.6%,1.7%,3.5%,2.0%,2.1%,2.4%,3.0%,1.9%,1.3%,0.4%,0.5%,1.1%,1.4%,1.4%,3.1%,0.9%,3.3%,4.1%,3.1%,6.2%,1.3%,2.2%,4.3%,1.7%,0.8%,3.4%,2.8%,1.4%,1.1%,3.1%,1.3%,5.7%,2.8%,4.6%,1.3%
        Median household income (dollars),(X),(X),(X),(X),(X),(X),(X),(X),(X),(X),(X),(X),(X),(X),(X),(X),(X),(X),(X),(X),(X),(X),(X),(X),(X),(X),(X),(X),(X),(X),(X),(X),(X),(X),(X),(X),(X),(X),(X),(X),(X),(X),(X),(X),(X),(X),(X),(X),(X),(X),(X),(X),(X),(X),(X),(X),(X),(X),(X),(X),(X),(X),(X),(X),(X),(X),(X),(X),(X),(X),(X),(X),(X),(X),(X),(X)
        Mean household income (dollars),(X),(X),(X),(X),(X),(X),(X),(X),(X),(X),(X),(X),(X),(X),(X),(X),(X),(X),(X),(X),(X),(X),(X),(X),(X),(X),(X),(X),(X),(X),(X),(X),(X),(X),(X),(X),(X),(X),(X),(X),(X),(X),(X),(X),(X),(X),(X),(X),(X),(X),(X),(X),(X),(X),(X),(X),(X),(X),(X),(X),(X),(X),(X),(X),(X),(X),(X),(X),(X),(X),(X),(X),(X),(X),(X),(X)
        With earnings,73.0%,72.3%,66.5%,56.0%,82.0%,69.2%,68.2%,70.6%,70.0%,63.2%,77.0%,67.3%,63.4%,61.8%,64.1%,67.7%,78.5%,70.7%,74.6%,75.2%,60.6%,70.0%,67.8%,78.3%,62.6%,54.8%,67.3%,69.7%,72.1%,72.0%,70.5%,72.7%,72.1%,54.4%,68.7%,67.2%,66.3%,64.3%,66.3%,62.5%,70.0%,67.2%,69.3%,78.8%,70.6%,56.6%,70.2%,74.9%,67.7%,58.6%,66.8%,60.3%,67.0%,65.5%,63.5%,69.4%,69.3%,64.7%,71.2%,66.3%,76.4%,67.4%,67.1%,74.4%,69.6%,59.5%,75.2%,75.6%,57.3%,56.4%,69.2%,58.7%,82.3%,72.2%,64.4%,73.9%
            Mean earnings (dollars),(X),(X),(X),(X),(X),(X),(X),(X),(X),(X),(X),(X),(X),(X),(X),(X),(X),(X),(X),(X),(X),(X),(X),(X),(X),(X),(X),(X),(X),(X),(X),(X),(X),(X),(X),(X),(X),(X),(X),(X),(X),(X),(X),(X),(X),(X),(X),(X),(X),(X),(X),(X),(X),(X),(X),(X),(X),(X),(X),(X),(X),(X),(X),(X),(X),(X),(X),(X),(X),(X),(X),(X),(X),(X),(X),(X)
        With Social Security,36.0%,33.6%,44.6%,54.0%,27.8%,43.6%,37.3%,43.8%,44.5%,43.7%,37.1%,44.1%,45.7%,42.0%,39.4%,41.0%,31.7%,37.0%,36.5%,38.6%,50.9%,41.8%,40.0%,28.2%,44.1%,55.4%,46.3%,38.7%,35.6%,42.4%,39.5%,40.6%,40.8%,55.0%,45.8%,38.4%,42.1%,47.8%,43.8%,33.7%,41.2%,40.6%,40.8%,30.3%,45.2%,54.3%,37.1%,37.4%,38.3%,51.6%,48.5%,57.8%,40.5%,49.1%,36.8%,40.6%,42.1%,46.7%,35.6%,41.4%,31.6%,43.7%,31.7%,36.2%,41.9%,53.3%,32.4%,38.2%,54.5%,61.4%,37.2%,51.6%,24.2%,34.5%,39.4%,34.6%
            Mean Social Security income (dollars),(X),(X),(X),(X),(X),(X),(X),(X),(X),(X),(X),(X),(X),(X),(X),(X),(X),(X),(X),(X),(X),(X),(X),(X),(X),(X),(X),(X),(X),(X),(X),(X),(X),(X),(X),(X),(X),(X),(X),(X),(X),(X),(X),(X),(X),(X),(X),(X),(X),(X),(X),(X),(X),(X),(X),(X),(X),(X),(X),(X),(X),(X),(X),(X),(X),(X),(X),(X),(X),(X),(X),(X),(X),(X),(X),(X)
        With retirement income,20.5%,22.1%,20.5%,33.9%,17.4%,20.2%,16.7%,20.2%,23.8%,15.1%,20.2%,19.8%,28.2%,20.6%,18.0%,22.7%,17.8%,21.7%,15.8%,17.2%,20.3%,18.0%,17.3%,18.5%,20.9%,26.0%,27.0%,26.6%,23.9%,21.9%,27.6%,18.7%,21.4%,31.0%,17.8%,20.0%,18.1%,15.4%,19.8%,27.3%,21.7%,22.3%,22.3%,21.8%,15.8%,29.8%,20.9%,19.7%,21.3%,27.6%,20.4%,23.0%,23.1%,33.2%,23.7%,19.1%,15.5%,21.1%,22.4%,18.1%,18.8%,21.1%,19.6%,23.3%,18.9%,21.9%,21.8%,15.1%,28.4%,28.1%,22.9%,29.4%,13.4%,25.1%,13.8%,28.1%
            Mean retirement income (dollars),(X),(X),(X),(X),(X),(X),(X),(X),(X),(X),(X),(X),(X),(X),(X),(X),(X),(X),(X),(X),(X),(X),(X),(X),(X),(X),(X),(X),(X),(X),(X),(X),(X),(X),(X),(X),(X),(X),(X),(X),(X),(X),(X),(X),(X),(X),(X),(X),(X),(X),(X),(X),(X),(X),(X),(X),(X),(X),(X),(X),(X),(X),(X),(X),(X),(X),(X),(X),(X),(X),(X),(X),(X),(X),(X),(X)
        With Supplemental Security Income,6.5%,10.7%,8.1%,5.1%,3.1%,6.6%,6.1%,6.8%,6.7%,11.0%,5.9%,9.2%,5.4%,7.3%,6.5%,12.6%,6.8%,5.5%,7.3%,6.4%,8.4%,15.0%,5.6%,5.0%,8.0%,6.9%,6.7%,8.0%,7.8%,10.4%,6.8%,5.0%,5.4%,8.7%,9.3%,11.2%,9.5%,7.4%,9.1%,8.6%,6.8%,5.1%,6.0%,4.6%,4.5%,4.8%,7.3%,10.7%,9.0%,7.4%,7.7%,6.0%,7.8%,7.3%,11.7%,6.6%,10.0%,6.4%,8.5%,7.8%,6.6%,8.0%,13.2%,5.1%,6.4%,12.2%,5.7%,5.7%,8.1%,11.4%,5.7%,7.9%,4.4%,5.4%,9.5%,5.7%
            Mean Supplemental Security Income (dollars),(X),(X),(X),(X),(X),(X),(X),(X),(X),(X),(X),(X),(X),(X),(X),(X),(X),(X),(X),(X),(X),(X),(X),(X),(X),(X),(X),(X),(X),(X),(X),(X),(X),(X),(X),(X),(X),(X),(X),(X),(X),(X),(X),(X),(X),(X),(X),(X),(X),(X),(X),(X),(X),(X),(X),(X),(X),(X),(X),(X),(X),(X),(X),(X),(X),(X),(X),(X),(X),(X),(X),(X),(X),(X),(X),(X)
        With cash public assistance income,1.8%,1.4%,1.0%,2.0%,0.6%,1.4%,0.9%,1.3%,1.0%,2.2%,1.8%,3.8%,1.3%,2.9%,1.8%,1.9%,1.5%,1.4%,1.4%,1.5%,2.2%,6.8%,1.8%,1.4%,2.3%,1.5%,1.9%,4.0%,1.5%,1.5%,2.2%,0.4%,1.9%,0.7%,1.7%,9.3%,1.1%,0.9%,2.0%,2.8%,2.6%,0.7%,1.9%,1.4%,2.2%,1.4%,1.3%,1.5%,0.6%,0.9%,1.1%,2.9%,2.1%,2.0%,1.2%,1.9%,3.2%,2.2%,1.5%,0.7%,1.8%,1.2%,1.2%,2.3%,2.9%,2.0%,2.0%,0.5%,3.1%,6.0%,1.1%,1.1%,1.8%,1.6%,1.3%,2.0%
            Mean cash public assistance income (dollars),(X),(X),(X),(X),(X),(X),(X),(X),(X),(X),(X),(X),(X),(X),(X),(X),(X),(X),(X),(X),(X),(X),(X),(X),(X),(X),(X),(X),(X),(X),(X),(X),(X),(X),(X),(X),(X),(X),(X),(X),(X),(X),(X),(X),(X),(X),(X),(X),(X),(X),(X),(X),(X),(X),(X),(X),(X),(X),(X),(X),(X),(X),(X),(X),(X),(X),(X),(X),(X),(X),(X),(X),(X),(X),(X),(X)
        With Food Stamp/SNAP benefits in the past 12 months,11.7%,16.9%,16.2%,7.2%,4.8%,9.2%,22.1%,10.8%,5.8%,21.3%,12.8%,17.0%,9.2%,13.2%,16.7%,15.2%,12.1%,11.7%,19.3%,11.5%,17.0%,22.5%,12.1%,9.0%,18.2%,13.6%,11.7%,11.3%,15.8%,13.7%,15.0%,15.8%,9.6%,11.4%,21.1%,18.1%,11.7%,14.8%,16.8%,25.7%,11.0%,9.8%,13.4%,9.5%,9.8%,10.7%,12.8%,18.4%,20.2%,14.4%,21.5%,13.7%,17.1%,11.4%,30.5%,13.2%,18.6%,12.8%,12.8%,11.3%,10.9%,11.7%,23.7%,6.5%,16.3%,11.9%,12.4%,18.4%,17.4%,20.1%,11.6%,11.0%,7.4%,12.1%,23.9%,11.8%
    Families,"770,111","4,689","5,244","12,112","73,075","10,084","2,593","1,250","7,435","2,587","5,151","4,211","7,095","2,156","5,480","5,562","27,829","17,238","11,955","4,585","1,863","3,286","4,306","29,431","4,298","3,200","26,071","4,926","12,750","5,616","8,507","3,549","9,763","3,050","3,858","16,505","6,646","1,848","4,564","1,948","2,628","3,391","5,791","19,447","4,296","4,439","10,815","11,213","1,764","2,752","2,143","2,012","6,249","2,836","4,699","2,928","6,393","5,429","15,220","2,370","95,195","4,889","5,926","31,958","2,748","2,262","33,629","4,292","4,626","3,231","10,192","4,837","55,809","19,809","1,910","5,667"
"        Less than $10,000",4.4%,6.2%,3.4%,2.7%,2.3%,3.7%,5.4%,3.8%,3.6%,9.5%,6.4%,3.8%,3.1%,5.2%,10.9%,4.0%,5.4%,3.2%,6.7%,2.5%,5.4%,8.0%,6.5%,4.0%,5.3%,4.7%,3.8%,2.1%,6.3%,3.7%,3.2%,2.3%,3.8%,2.4%,6.8%,5.9%,3.2%,9.9%,3.9%,13.7%,3.8%,3.7%,4.1%,3.0%,3.6%,7.0%,6.8%,5.9%,8.6%,5.3%,4.4%,2.8%,6.1%,7.0%,15.3%,2.6%,4.5%,4.2%,3.3%,3.2%,4.8%,3.7%,10.7%,1.9%,4.0%,2.2%,4.4%,4.1%,4.1%,4.5%,6.2%,2.7%,4.0%,4.4%,7.8%,3.7%
"        $10,000 to $14,999",2.9%,2.8%,3.2%,2.0%,1.5%,3.6%,1.1%,1.5%,1.2%,3.4%,2.1%,8.9%,2.5%,4.9%,5.1%,3.9%,2.6%,2.7%,4.9%,4.4%,3.0%,2.9%,2.8%,2.3%,2.4%,5.3%,3.4%,4.0%,3.5%,1.8%,4.1%,2.1%,1.9%,2.2%,4.6%,5.7%,3.3%,6.7%,2.0%,4.0%,3.1%,3.4%,3.1%,1.7%,3.7%,2.9%,2.9%,3.0%,5.1%,3.2%,10.6%,3.8%,5.2%,2.2%,6.1%,4.8%,4.5%,5.4%,2.3%,2.0%,2.5%,2.6%,6.1%,1.7%,1.9%,7.2%,2.1%,2.8%,3.0%,3.3%,4.6%,4.0%,2.6%,3.3%,4.5%,3.3%
"        $15,000 to $24,999",8.3%,5.6%,13.0%,9.8%,4.9%,7.3%,10.2%,6.7%,7.1%,15.0%,10.3%,8.1%,6.9%,6.3%,8.2%,12.7%,7.4%,11.1%,11.7%,12.3%,8.9%,15.0%,12.1%,7.2%,11.9%,13.8%,7.4%,3.9%,7.1%,11.7%,7.4%,18.1%,8.8%,10.1%,8.9%,9.9%,11.4%,6.4%,11.8%,12.7%,12.6%,6.5%,9.6%,7.5%,12.8%,6.4%,8.7%,14.2%,9.4%,11.5%,10.8%,11.8%,11.1%,10.1%,10.9%,10.1%,11.7%,14.3%,8.8%,5.2%,8.0%,12.9%,12.3%,5.0%,13.5%,13.9%,7.8%,8.9%,10.0%,11.4%,7.8%,11.8%,6.1%,8.2%,13.8%,8.7%
"        $25,000 to $34,999",10.1%,9.3%,8.5%,14.5%,6.3%,9.6%,11.3%,5.8%,11.1%,15.8%,10.4%,13.5%,12.5%,8.7%,11.4%,7.6%,9.6%,10.4%,9.7%,12.7%,14.3%,16.9%,9.3%,9.4%,11.4%,14.1%,10.8%,5.7%,10.0%,11.9%,10.8%,14.3%,10.8%,13.0%,10.9%,11.2%,14.4%,16.2%,13.1%,7.1%,13.2%,9.6%,10.8%,7.0%,14.8%,19.1%,7.0%,10.5%,6.9%,12.6%,12.9%,10.3%,14.2%,13.1%,8.3%,13.0%,10.1%,11.5%,14.9%,12.4%,8.9%,12.7%,11.3%,7.1%,10.8%,14.6%,11.9%,8.8%,17.7%,12.9%,10.7%,12.1%,8.8%,12.8%,10.1%,11.5%
"        $35,000 to $49,999",13.8%,10.5%,15.5%,18.2%,10.4%,16.8%,17.0%,15.7%,12.8%,14.5%,12.8%,18.3%,18.8%,16.1%,16.3%,15.4%,12.6%,13.3%,13.1%,11.5%,14.2%,11.3%,9.6%,12.4%,14.4%,15.1%,14.1%,11.6%,17.5%,12.4%,13.8%,15.0%,15.5%,17.2%,18.5%,15.3%,20.6%,15.0%,15.1%,14.1%,10.7%,11.4%,19.2%,12.5%,13.7%,18.6%,17.8%,14.8%,11.5%,17.6%,10.8%,17.3%,14.5%,14.6%,11.6%,13.5%,18.8%,17.6%,14.8%,18.8%,11.5%,16.1%,18.0%,10.5%,17.8%,21.5%,15.3%,19.6%,20.0%,16.2%,14.5%,19.2%,13.8%,15.8%,9.5%,16.4%
"        $50,000 to $74,999",20.1%,24.7%,21.1%,24.4%,18.5%,20.9%,20.5%,27.1%,25.5%,18.1%,19.6%,20.9%,25.4%,19.8%,16.8%,18.0%,19.8%,21.4%,16.9%,17.6%,27.3%,23.4%,16.2%,17.5%,21.4%,16.3%,24.3%,22.2%,19.4%,23.2%,25.9%,19.7%,22.4%,23.5%,22.6%,20.1%,21.7%,18.9%,26.5%,19.7%,30.6%,20.2%,24.2%,20.1%,14.5%,23.4%,21.6%,17.9%,21.8%,21.0%,30.4%,22.7%,17.5%,18.6%,20.3%,22.6%,24.8%,19.2%,18.0%,22.1%,17.3%,22.6%,18.7%,19.5%,27.7%,17.7%,20.6%,25.0%,21.1%,28.2%,18.0%,20.9%,20.0%,20.5%,17.2%,22.7%
"        $75,000 to $99,999",14.3%,14.1%,17.7%,11.1%,17.7%,17.0%,12.5%,14.6%,16.1%,8.4%,16.9%,11.4%,13.1%,16.5%,10.9%,15.4%,14.3%,14.4%,13.6%,17.7%,11.3%,11.1%,17.4%,14.3%,17.9%,14.4%,15.5%,16.8%,15.0%,15.1%,13.2%,12.2%,15.8%,16.9%,10.9%,12.6%,10.9%,13.1%,12.8%,14.5%,11.1%,19.8%,13.7%,17.2%,19.6%,9.8%,11.6%,10.4%,15.2%,10.8%,8.7%,17.3%,12.8%,12.8%,10.5%,13.1%,10.7%,11.7%,11.8%,17.3%,13.8%,15.1%,8.7%,18.5%,7.8%,12.7%,13.0%,12.3%,14.7%,12.2%,14.0%,15.1%,12.9%,11.8%,20.4%,16.3%
"        $100,000 to $149,999",15.3%,17.5%,12.6%,9.8%,18.8%,14.5%,14.5%,14.3%,13.1%,8.2%,15.1%,11.0%,9.3%,15.8%,13.0%,13.9%,17.1%,16.5%,15.7%,13.3%,12.5%,7.2%,18.4%,20.6%,9.8%,10.3%,12.5%,18.4%,16.6%,13.3%,16.3%,10.5%,13.9%,8.4%,12.5%,12.8%,9.6%,10.4%,10.4%,9.9%,7.8%,17.0%,10.0%,18.2%,14.2%,8.1%,16.6%,15.2%,14.1%,13.3%,9.0%,12.2%,13.4%,16.2%,11.9%,12.4%,10.5%,8.9%,14.7%,10.5%,16.5%,10.6%,8.5%,22.4%,14.0%,8.0%,15.9%,12.2%,5.2%,7.3%,15.1%,8.8%,16.3%,15.7%,9.5%,12.8%
"        $150,000 to $199,999",5.4%,6.1%,1.7%,5.2%,8.0%,3.2%,4.8%,10.0%,3.8%,1.9%,2.3%,1.4%,5.8%,4.7%,3.3%,5.2%,5.4%,4.5%,4.3%,5.6%,2.4%,1.3%,4.6%,6.9%,2.4%,5.2%,4.9%,12.2%,2.4%,2.8%,3.2%,2.7%,3.9%,4.2%,1.5%,4.3%,3.3%,3.1%,2.5%,2.1%,2.2%,6.4%,3.0%,8.6%,1.4%,2.1%,4.5%,4.0%,4.4%,3.0%,1.8%,0.9%,3.7%,3.6%,2.9%,3.7%,3.1%,2.7%,6.3%,4.1%,7.3%,1.9%,2.6%,7.6%,1.8%,1.3%,4.2%,2.6%,2.1%,2.4%,5.5%,3.5%,7.4%,4.2%,0.2%,3.2%
"        $200,000 or more",5.3%,3.1%,3.2%,2.5%,11.6%,3.4%,2.7%,0.3%,5.6%,5.2%,4.0%,2.7%,2.6%,2.1%,4.1%,3.9%,5.7%,2.4%,3.4%,2.6%,0.9%,3.1%,3.1%,5.3%,3.1%,0.8%,3.3%,3.1%,2.3%,4.1%,2.2%,3.2%,3.2%,2.0%,2.9%,2.3%,1.4%,0.2%,1.8%,2.3%,4.9%,2.2%,2.2%,4.2%,1.5%,2.7%,2.7%,4.0%,3.1%,1.7%,0.6%,0.7%,1.6%,1.8%,2.2%,4.3%,1.3%,4.6%,5.3%,4.3%,9.3%,1.8%,3.0%,5.7%,0.8%,0.9%,4.7%,3.7%,2.0%,1.6%,3.7%,1.9%,8.1%,3.3%,7.1%,1.4%
        Median family income (dollars),(X),(X),(X),(X),(X),(X),(X),(X),(X),(X),(X),(X),(X),(X),(X),(X),(X),(X),(X),(X),(X),(X),(X),(X),(X),(X),(X),(X),(X),(X),(X),(X),(X),(X),(X),(X),(X),(X),(X),(X),(X),(X),(X),(X),(X),(X),(X),(X),(X),(X),(X),(X),(X),(X),(X),(X),(X),(X),(X),(X),(X),(X),(X),(X),(X),(X),(X),(X),(X),(X),(X),(X),(X),(X),(X),(X)
        Mean family income (dollars),(X),(X),(X),(X),(X),(X),(X),(X),(X),(X),(X),(X),(X),(X),(X),(X),(X),(X),(X),(X),(X),(X),(X),(X),(X),(X),(X),(X),(X),(X),(X),(X),(X),(X),(X),(X),(X),(X),(X),(X),(X),(X),(X),(X),(X),(X),(X),(X),(X),(X),(X),(X),(X),(X),(X),(X),(X),(X),(X),(X),(X),(X),(X),(X),(X),(X),(X),(X),(X),(X),(X),(X),(X),(X),(X),(X)
    Per capita income (dollars),(X),(X),(X),(X),(X),(X),(X),(X),(X),(X),(X),(X),(X),(X),(X),(X),(X),(X),(X),(X),(X),(X),(X),(X),(X),(X),(X),(X),(X),(X),(X),(X),(X),(X),(X),(X),(X),(X),(X),(X),(X),(X),(X),(X),(X),(X),(X),(X),(X),(X),(X),(X),(X),(X),(X),(X),(X),(X),(X),(X),(X),(X),(X),(X),(X),(X),(X),(X),(X),(X),(X),(X),(X),(X),(X),(X)
    Nonfamily households,"400,433","2,727","2,472","6,615","26,586","4,959","1,640",504,"3,644","1,465","3,185","2,265","3,787","1,014","2,976","2,929","14,374","6,827","7,066","1,983","1,129","1,773","2,901","15,660","2,373","1,814","14,835","2,123","4,837","2,484","4,008","1,722","4,562","1,861","2,383","10,125","3,146","1,050","2,020","1,254",970,"1,901","2,568","7,771","1,749","2,479","5,422","5,410","1,470",954,"1,045",984,"3,238",864,"2,862","1,287","3,174","2,685","7,643","1,385","66,457","2,405","3,387","13,140","1,366",973,"18,397","1,398","2,689","1,635","5,663","2,383","33,285","9,094","1,092","2,130"
        Median nonfamily income (dollars),(X),(X),(X),(X),(X),(X),(X),(X),(X),(X),(X),(X),(X),(X),(X),(X),(X),(X),(X),(X),(X),(X),(X),(X),(X),(X),(X),(X),(X),(X),(X),(X),(X),(X),(X),(X),(X),(X),(X),(X),(X),(X),(X),(X),(X),(X),(X),(X),(X),(X),(X),(X),(X),(X),(X),(X),(X),(X),(X),(X),(X),(X),(X),(X),(X),(X),(X),(X),(X),(X),(X),(X),(X),(X),(X),(X)
        Mean nonfamily income (dollars),(X),(X),(X),(X),(X),(X),(X),(X),(X),(X),(X),(X),(X),(X),(X),(X),(X),(X),(X),(X),(X),(X),(X),(X),(X),(X),(X),(X),(X),(X),(X),(X),(X),(X),(X),(X),(X),(X),(X),(X),(X),(X),(X),(X),(X),(X),(X),(X),(X),(X),(X),(X),(X),(X),(X),(X),(X),(X),(X),(X),(X),(X),(X),(X),(X),(X),(X),(X),(X),(X),(X),(X),(X),(X),(X),(X)
    Median earnings for workers (dollars),(X),(X),(X),(X),(X),(X),(X),(X),(X),(X),(X),(X),(X),(X),(X),(X),(X),(X),(X),(X),(X),(X),(X),(X),(X),(X),(X),(X),(X),(X),(X),(X),(X),(X),(X),(X),(X),(X),(X),(X),(X),(X),(X),(X),(X),(X),(X),(X),(X),(X),(X),(X),(X),(X),(X),(X),(X),(X),(X),(X),(X),(X),(X),(X),(X),(X),(X),(X),(X),(X),(X),(X),(X),(X),(X),(X)
"    Median earnings for male full-time, year-round workers (dollars)",(X),(X),(X),(X),(X),(X),(X),(X),(X),(X),(X),(X),(X),(X),(X),(X),(X),(X),(X),(X),(X),(X),(X),(X),(X),(X),(X),(X),(X),(X),(X),(X),(X),(X),(X),(X),(X),(X),(X),(X),(X),(X),(X),(X),(X),(X),(X),(X),(X),(X),(X),(X),(X),(X),(X),(X),(X),(X),(X),(X),(X),(X),(X),(X),(X),(X),(X),(X),(X),(X),(X),(X),(X),(X),(X),(X)
"    Median earnings for female full-time, year-round workers (dollars)",(X),(X),(X),(X),(X),(X),(X),(X),(X),(X),(X),(X),(X),(X),(X),(X),(X),(X),(X),(X),(X),(X),(X),(X),(X),(X),(X),(X),(X),(X),(X),(X),(X),(X),(X),(X),(X),(X),(X),(X),(X),(X),(X),(X),(X),(X),(X),(X),(X),(X),(X),(X),(X),(X),(X),(X),(X),(X),(X),(X),(X),(X),(X),(X),(X),(X),(X),(X),(X),(X),(X),(X),(X),(X),(X),(X)
HEALTH INSURANCE COVERAGE,,,,,,,,,,,,,,,,,,,,,,,,,,,,,,,,,,,,,,,,,,,,,,,,,,,,,,,,,,,,,,,,,,,,,,,,,,,,
    Civilian noninstitutionalized population,"2,957,271","17,524","19,859","41,345","271,914","37,104","10,712","5,121","27,839","9,749","22,030","14,606","24,758","7,972","23,212","20,808","108,012","62,421","47,904","16,355","6,374","11,472","17,844","123,417","17,507","12,125","97,797","18,050","44,678","21,437","31,469","13,099","37,048","12,532","14,303","63,358","26,298","6,602","16,214","7,383","8,275","12,191","21,358","71,512","16,316","16,473","42,231","40,652","6,800","8,832","8,090","7,683","23,250","10,233","17,948","10,561","23,410","19,876","63,301","8,002","386,593","17,624","22,249","119,658","10,204","7,817","126,462","16,836","17,026","12,474","38,738","16,394","234,236","78,239","6,365","21,110"
        With health insurance coverage,91.7%,94.7%,92.3%,94.2%,91.3%,93.2%,89.2%,91.7%,88.5%,89.4%,91.0%,94.2%,92.4%,96.3%,92.7%,94.3%,91.4%,91.6%,92.0%,92.4%,92.3%,92.3%,95.2%,91.7%,94.6%,89.1%,89.9%,94.5%,92.6%,90.6%,93.1%,89.6%,91.4%,94.4%,91.2%,94.0%,92.5%,92.4%,93.4%,91.8%,93.5%,94.9%,93.9%,92.8%,90.9%,94.1%,91.1%,92.5%,91.6%,89.1%,92.2%,95.6%,93.8%,95.1%,92.5%,91.4%,89.5%,90.4%,92.7%,93.4%,92.1%,92.5%,90.1%,94.2%,93.3%,94.6%,89.2%,83.9%,94.2%,92.7%,93.1%,90.6%,88.3%,90.8%,94.7%,92.8%
            With private health insurance,60.9%,58.2%,50.2%,61.5%,70.8%,61.9%,51.6%,50.3%,56.7%,42.2%,62.6%,54.8%,59.5%,60.2%,57.7%,53.5%,61.4%,57.1%,50.9%,51.3%,54.3%,50.3%,59.9%,68.4%,54.8%,48.4%,56.8%,68.4%,58.5%,52.3%,57.1%,51.2%,56.3%,52.5%,47.0%,59.3%,57.1%,49.7%,53.5%,45.1%,61.8%,63.8%,60.1%,68.8%,53.2%,57.2%,53.7%,54.2%,50.5%,52.8%,49.9%,59.1%,52.9%,58.4%,45.0%,59.0%,43.7%,53.1%,60.9%,60.0%,63.6%,50.0%,44.5%,72.8%,53.6%,51.5%,58.1%,50.4%,45.9%,43.3%,62.1%,48.9%,66.9%,60.1%,53.2%,57.7%
            With public coverage,43.7%,48.6%,53.6%,54.4%,30.1%,46.7%,50.5%,51.8%,49.5%,60.4%,39.5%,56.6%,54.3%,47.8%,46.5%,54.0%,41.3%,48.1%,48.5%,50.7%,53.3%,53.1%,47.2%,34.1%,53.0%,55.6%,51.7%,43.2%,47.1%,51.3%,50.4%,52.8%,46.3%,57.9%,56.9%,49.2%,48.2%,56.8%,53.1%,61.0%,46.5%,48.1%,46.9%,37.3%,50.5%,56.8%,50.6%,47.6%,56.3%,55.9%,58.9%,53.7%,56.6%,51.2%,61.3%,46.5%,55.6%,54.4%,44.4%,45.2%,41.9%,54.4%,55.7%,36.7%,52.2%,58.5%,42.5%,46.0%,65.6%,64.7%,44.2%,60.2%,31.2%,43.6%,51.3%,48.7%
        No health insurance coverage,8.3%,5.3%,7.7%,5.8%,8.7%,6.8%,10.8%,8.3%,11.5%,10.6%,9.0%,5.8%,7.6%,3.7%,7.3%,5.7%,8.6%,8.4%,8.0%,7.6%,7.7%,7.7%,4.8%,8.3%,5.4%,10.9%,10.1%,5.5%,7.4%,9.4%,6.9%,10.4%,8.6%,5.6%,8.8%,6.0%,7.5%,7.6%,6.6%,8.2%,6.5%,5.1%,6.1%,7.2%,9.1%,5.9%,8.9%,7.5%,8.4%,10.9%,7.8%,4.4%,6.2%,4.9%,7.5%,8.6%,10.5%,9.6%,7.3%,6.6%,7.9%,7.5%,9.9%,5.8%,6.7%,5.4%,10.8%,16.1%,5.8%,7.3%,6.9%,9.4%,11.7%,9.2%,5.3%,7.2%
    Civilian noninstitutionalized population under 19 years,"742,460","4,358","4,830","7,439","74,880","8,862","2,770","1,037","6,486","2,464","5,186","3,375","5,067","1,952","5,285","5,047","28,409","16,239","13,833","4,219","1,192","3,176","4,431","30,999","4,186","2,649","20,979","4,271","11,550","5,801","7,570","3,710","9,545","2,507","3,522","16,193","6,977","1,288","3,946","1,696","2,237","2,816","4,995","19,594","4,078","3,152","10,724","11,359","1,552","1,756","1,925","1,669","5,547","2,328","4,794","2,412","5,956","4,800","15,890","1,764","95,815","4,388","5,781","29,697","2,573","1,607","32,328","5,067","3,739","2,561","9,858","3,346","62,065","19,541","1,486","5,334"
        No health insurance coverage,4.7%,1.7%,1.1%,2.4%,5.5%,2.6%,5.0%,6.8%,9.1%,0.0%,3.8%,2.6%,4.9%,0.0%,2.9%,2.4%,5.4%,4.2%,3.3%,3.0%,6.1%,2.7%,3.8%,3.7%,1.4%,17.1%,5.6%,2.0%,3.2%,6.5%,2.4%,11.0%,5.3%,4.1%,5.7%,3.7%,1.9%,5.5%,3.2%,4.5%,6.7%,5.0%,2.6%,4.4%,3.8%,2.0%,2.0%,4.9%,8.1%,5.0%,2.2%,6.6%,3.6%,1.8%,3.2%,1.7%,6.1%,3.3%,3.3%,4.7%,3.6%,1.9%,4.5%,4.1%,9.5%,1.3%,6.7%,7.4%,1.5%,4.2%,3.7%,6.7%,8.8%,4.8%,2.8%,2.0%
    Civilian noninstitutionalized population 19 to 64 years,"1,720,686","9,874","10,971","21,114","161,079","20,609","6,034","2,993","15,005","5,214","13,384","8,136","13,197","4,439","14,059","11,807","65,222","35,922","27,621","9,200","3,604","6,172","10,308","77,198","9,984","6,397","53,830","10,683","26,106","11,850","17,799","7,155","21,310","6,716","7,963","35,899","15,063","3,763","9,240","4,073","4,208","6,846","12,171","42,326","9,166","8,746","24,570","23,427","3,719","4,726","4,599","4,005","13,137","5,905","9,823","6,080","13,378","10,588","37,895","4,396","231,608","9,844","12,474","68,721","5,546","4,241","74,358","9,469","8,893","6,553","22,133","8,863","145,453","46,151","3,434","12,241"
        In labor force:,"1,264,597","7,524","7,191","14,594","127,670","15,442","3,981","1,966","10,756","3,235","9,306","5,826","9,249","3,084","8,896","8,806","49,950","25,107","20,826","7,108","2,773","3,987","7,155","57,630","6,761","3,919","38,949","7,806","18,902","8,112","12,869","5,258","15,278","4,409","5,607","25,164","10,006","2,481","6,440","2,814","2,940","5,039","8,764","32,634","6,385","5,292","16,956","17,681","2,685","3,211","2,951","2,504","8,609","3,551","6,678","4,410","9,072","7,530","26,269","3,419","177,226","6,750","8,382","54,973","4,032","2,822","56,395","6,835","5,661","4,132","15,251","5,647","110,341","31,306","2,619","8,808"
            Employed:,"1,201,973","7,147","6,903","13,776","124,882","14,738","3,752","1,792","10,370","2,836","9,006","5,507","8,792","2,994","8,338","8,151","47,415","23,913","18,991","6,630","2,563","3,833","6,939","55,869","6,391","3,699","36,459","7,592","17,661","7,775","12,113","4,935","14,621","3,896","4,959","22,906","9,661","2,301","6,014","2,400","2,896","4,623","8,216","31,088","5,870","4,960","15,686","16,245","2,539","2,992","2,768","2,361","7,955","3,354","5,721","4,259","8,640","6,742","24,938","3,284","168,331","6,506","7,914","52,862","3,810","2,709","53,953","6,480","5,369","3,796","14,653","5,294","105,788","29,878","2,472","8,501"
                With health insurance coverage,88.9%,92.7%,87.9%,90.8%,89.3%,89.7%,84.6%,88.3%,84.1%,84.7%,89.1%,91.8%,87.9%,93.8%,92.0%,91.9%,89.0%,89.0%,90.3%,88.4%,89.8%,90.2%,93.5%,89.2%,92.8%,86.7%,83.1%,90.4%,90.3%,87.2%,89.5%,87.8%,89.1%,91.3%,87.8%,93.7%,89.3%,91.0%,91.3%,87.1%,91.8%,94.8%,92.6%,90.3%,85.8%,90.9%,87.8%,91.9%,90.4%,82.8%,83.9%,93.2%,91.5%,93.5%,91.3%,86.6%,84.2%,85.7%,89.3%,92.1%,89.7%,88.9%,83.1%,92.2%,92.9%,93.0%,85.2%,79.2%,89.1%,89.1%,93.7%,84.2%,86.3%,85.8%,93.1%,90.4%
                    With private health insurance,79.4%,82.4%,72.5%,82.0%,83.7%,81.5%,74.3%,78.3%,72.5%,69.6%,79.2%,76.3%,75.6%,85.1%,80.9%,74.0%,77.7%,78.0%,76.5%,73.8%,81.0%,79.0%,83.9%,80.4%,80.3%,73.7%,70.4%,82.8%,78.6%,75.6%,79.9%,72.0%,78.9%,72.1%,68.1%,82.3%,78.9%,78.5%,75.2%,76.3%,86.1%,86.8%,82.0%,83.5%,74.2%,79.4%,76.8%,79.6%,76.8%,70.1%,67.9%,85.9%,83.2%,83.2%,77.3%,72.7%,70.0%,70.1%,78.8%,83.3%,81.2%,72.4%,68.6%,87.1%,81.2%,77.2%,76.7%,70.9%,68.1%,71.4%,82.7%,65.4%,79.9%,74.2%,84.1%,81.4%
                    With public coverage,12.9%,14.9%,17.0%,13.0%,8.0%,11.4%,13.3%,10.5%,17.1%,20.2%,12.3%,23.1%,14.9%,11.2%,15.0%,20.1%,14.1%,15.8%,16.1%,17.3%,13.3%,16.4%,12.0%,11.7%,19.6%,18.1%,15.5%,11.7%,15.6%,13.8%,12.9%,19.4%,12.7%,21.8%,23.9%,15.6%,13.5%,14.7%,19.5%,15.3%,11.0%,11.2%,13.4%,11.8%,12.8%,13.7%,14.5%,15.3%,17.1%,14.2%,19.9%,10.3%,14.0%,13.3%,21.4%,16.3%,17.7%,19.5%,13.9%,9.4%,12.4%,19.3%,17.6%,8.4%,16.2%,19.7%,13.1%,12.8%,24.2%,22.9%,13.7%,22.7%,9.3%,14.0%,9.8%,12.4%
                No health insurance coverage,11.1%,7.3%,12.1%,9.2%,10.7%,10.3%,15.4%,11.7%,15.9%,15.3%,10.9%,8.2%,12.1%,6.2%,8.0%,8.1%,11.0%,11.0%,9.7%,11.6%,10.2%,9.8%,6.5%,10.8%,7.2%,13.3%,16.9%,9.6%,9.7%,12.8%,10.5%,12.2%,10.9%,8.7%,12.2%,6.3%,10.7%,9.0%,8.7%,12.9%,8.2%,5.2%,7.4%,9.7%,14.2%,9.1%,12.2%,8.1%,9.6%,17.2%,16.1%,6.8%,8.5%,6.5%,8.7%,13.4%,15.8%,14.3%,10.7%,7.9%,10.3%,11.1%,16.9%,7.8%,7.1%,7.0%,14.8%,20.8%,10.9%,10.9%,6.3%,15.8%,13.7%,14.2%,6.9%,9.6%
            Unemployed:,"62,624",377,288,818,"2,788",704,229,174,386,399,300,319,457,90,558,655,"2,535","1,194","1,835",478,210,154,216,"1,761",370,220,"2,490",214,"1,241",337,756,323,657,513,648,"2,258",345,180,426,414,44,416,548,"1,546",515,332,"1,270","1,436",146,219,183,143,654,197,957,151,432,788,"1,331",135,"8,895",244,468,"2,111",222,113,"2,442",355,292,336,598,353,"4,553","1,428",147,307
                With health insurance coverage,70.3%,60.7%,72.9%,59.7%,80.6%,66.3%,63.8%,74.1%,71.2%,57.1%,75.3%,61.1%,71.3%,98.9%,57.5%,58.8%,67.1%,45.4%,57.3%,82.4%,74.8%,89.0%,81.0%,72.4%,87.0%,77.3%,66.2%,74.8%,67.7%,79.5%,62.4%,94.7%,75.5%,77.4%,67.4%,72.5%,90.4%,92.2%,77.5%,72.7%,95.5%,82.0%,82.1%,80.1%,81.7%,52.7%,71.2%,64.3%,78.1%,37.4%,73.8%,100.0%,76.9%,74.6%,70.1%,81.5%,50.9%,60.5%,83.1%,68.1%,71.6%,47.1%,57.7%,80.3%,84.2%,85.8%,65.9%,74.1%,72.9%,52.4%,76.3%,64.0%,60.5%,87.4%,78.2%,81.8%
                    With private health insurance,32.6%,27.3%,20.5%,30.1%,53.6%,25.3%,42.8%,26.4%,23.3%,15.0%,53.7%,24.8%,17.9%,45.6%,33.0%,29.0%,32.9%,26.5%,15.3%,25.7%,7.1%,45.5%,64.8%,41.7%,17.3%,45.5%,23.1%,36.4%,31.0%,46.0%,16.7%,25.1%,23.1%,17.0%,35.6%,34.1%,39.4%,36.7%,29.6%,8.7%,31.8%,54.1%,50.7%,43.8%,15.7%,13.0%,20.6%,35.0%,12.3%,3.2%,50.3%,80.4%,46.0%,25.9%,0.8%,23.2%,18.1%,34.6%,44.6%,43.0%,35.4%,23.8%,10.7%,43.6%,36.0%,23.9%,27.3%,35.8%,15.8%,7.1%,39.8%,9.6%,41.5%,35.6%,11.6%,32.2%
                    With public coverage,40.6%,43.5%,58.3%,29.8%,30.0%,41.1%,21.0%,54.0%,55.4%,45.9%,21.7%,36.4%,53.4%,63.3%,24.6%,30.8%,38.1%,21.2%,42.6%,56.7%,67.6%,43.5%,21.8%,34.6%,69.7%,31.8%,44.9%,39.3%,38.7%,33.5%,45.8%,69.7%,61.8%,62.2%,31.8%,41.9%,58.8%,58.9%,47.9%,64.0%,63.6%,29.6%,32.1%,43.7%,76.7%,40.7%,50.6%,35.2%,65.8%,34.7%,23.5%,29.4%,45.9%,48.7%,70.1%,58.3%,41.4%,30.6%,40.7%,28.9%,39.1%,25.4%,49.1%,41.5%,54.1%,70.8%,41.4%,38.3%,60.6%,45.2%,37.0%,59.5%,21.4%,55.5%,66.7%,49.5%
                No health insurance coverage,29.7%,39.3%,27.1%,40.3%,19.4%,33.7%,36.2%,25.9%,28.8%,42.9%,24.7%,38.9%,28.7%,1.1%,42.5%,41.2%,32.9%,54.6%,42.7%,17.6%,25.2%,11.0%,19.0%,27.6%,13.0%,22.7%,33.8%,25.2%,32.3%,20.5%,37.6%,5.3%,24.5%,22.6%,32.6%,27.5%,9.6%,7.8%,22.5%,27.3%,4.5%,18.0%,17.9%,19.9%,18.3%,47.3%,28.8%,35.7%,21.9%,62.6%,26.2%,0.0%,23.1%,25.4%,29.9%,18.5%,49.1%,39.5%,16.9%,31.9%,28.4%,52.9%,42.3%,19.7%,15.8%,14.2%,34.1%,25.9%,27.1%,47.6%,23.7%,36.0%,39.5%,12.6%,21.8%,18.2%
        Not in labor force:,"456,089","2,350","3,780","6,520","33,409","5,167","2,053","1,027","4,249","1,979","4,078","2,310","3,948","1,355","5,163","3,001","15,272","10,815","6,795","2,092",831,"2,185","3,153","19,568","3,223","2,478","14,881","2,877","7,204","3,738","4,930","1,897","6,032","2,307","2,356","10,735","5,057","1,282","2,800","1,259","1,268","1,807","3,407","9,692","2,781","3,454","7,614","5,746","1,034","1,515","1,648","1,501","4,528","2,354","3,145","1,670","4,306","3,058","11,626",977,"54,382","3,094","4,092","13,748","1,514","1,419","17,963","2,634","3,232","2,421","6,882","3,216","35,112","14,845",815,"3,433"
            With health insurance coverage,87.6%,92.5%,85.4%,90.8%,84.4%,89.5%,82.9%,90.1%,79.9%,79.4%,81.8%,92.0%,88.7%,92.4%,87.7%,95.4%,89.1%,88.2%,89.3%,87.2%,87.8%,81.7%,94.0%,87.4%,88.1%,87.0%,90.3%,95.4%,88.5%,85.7%,90.9%,82.5%,85.5%,93.6%,90.4%,90.1%,84.4%,83.8%,88.5%,91.3%,88.5%,91.1%,86.7%,89.9%,86.0%,91.6%,84.5%,88.8%,83.6%,85.2%,94.7%,95.9%,90.7%,91.8%,87.7%,84.2%,87.8%,85.6%,89.7%,85.1%,87.7%,87.3%,90.1%,91.7%,91.1%,87.3%,86.0%,65.8%,91.9%,90.3%,81.9%,88.8%,84.7%,89.0%,88.7%,85.3%
                With private health insurance,41.9%,32.3%,30.7%,42.9%,55.6%,41.5%,33.3%,21.3%,34.9%,25.1%,50.4%,34.3%,40.2%,40.4%,41.3%,34.6%,44.7%,36.2%,27.4%,24.4%,37.1%,29.3%,41.0%,52.1%,32.8%,29.6%,47.2%,50.3%,36.5%,37.4%,37.4%,34.7%,33.0%,38.3%,31.5%,42.2%,37.2%,27.2%,29.8%,18.6%,43.1%,38.5%,43.2%,46.8%,31.6%,38.1%,33.6%,24.9%,27.0%,36.6%,37.3%,39.2%,25.3%,34.3%,18.4%,38.3%,23.1%,34.6%,44.4%,49.3%,43.0%,27.3%,27.9%,50.7%,34.1%,31.7%,40.9%,23.7%,21.7%,20.6%,40.9%,35.4%,56.7%,45.4%,21.7%,34.5%
                With public coverage,54.3%,67.0%,63.8%,57.6%,34.5%,58.2%,55.9%,75.5%,51.6%,60.6%,40.1%,67.9%,57.3%,59.5%,51.6%,72.5%,52.5%,61.6%,67.5%,68.4%,67.7%,63.2%,65.0%,42.3%,64.4%,61.4%,55.0%,62.0%,60.9%,59.9%,64.7%,59.0%,59.2%,63.2%,69.0%,60.0%,53.8%,65.1%,65.9%,78.8%,53.2%,65.1%,58.1%,51.6%,58.3%,61.6%,59.2%,71.2%,67.7%,60.0%,71.2%,64.5%,74.3%,64.5%,76.2%,55.5%,71.4%,62.5%,54.7%,47.4%,55.5%,66.4%,67.7%,53.0%,72.7%,66.9%,53.5%,47.0%,80.5%,72.3%,50.3%,63.5%,33.9%,49.6%,71.2%,59.5%
            No health insurance coverage,12.4%,7.5%,14.6%,9.2%,15.6%,10.5%,17.1%,9.9%,20.1%,20.6%,18.2%,8.0%,11.3%,7.6%,12.3%,4.6%,10.9%,11.8%,10.7%,12.8%,12.2%,18.3%,6.0%,12.6%,11.9%,13.0%,9.7%,4.6%,11.5%,14.3%,9.1%,17.5%,14.5%,6.4%,9.6%,9.9%,15.6%,16.2%,11.5%,8.7%,11.5%,8.9%,13.3%,10.1%,14.0%,8.4%,15.5%,11.2%,16.4%,14.8%,5.3%,4.1%,9.3%,8.2%,12.3%,15.8%,12.2%,14.4%,10.3%,14.9%,12.3%,12.7%,9.9%,8.3%,8.9%,12.7%,14.0%,34.2%,8.1%,9.7%,18.1%,11.2%,15.3%,11.0%,11.3%,14.7%
PERCENTAGE OF FAMILIES AND PEOPLE WHOSE INCOME IN THE PAST 12 MONTHS IS BELOW THE POVERTY LEVEL,,,,,,,,,,,,,,,,,,,,,,,,,,,,,,,,,,,,,,,,,,,,,,,,,,,,,,,,,,,,,,,,,,,,,,,,,,,,
    All families,11.8%,11.4%,11.2%,8.3%,6.7%,10.3%,10.4%,9.2%,9.7%,17.9%,12.3%,16.5%,10.1%,11.3%,21.1%,15.5%,12.2%,12.0%,17.0%,13.0%,9.6%,19.1%,13.4%,10.2%,14.2%,15.9%,11.2%,8.0%,13.6%,14.2%,11.8%,17.0%,10.2%,9.5%,16.7%,17.7%,12.2%,19.2%,9.4%,23.0%,15.5%,9.6%,11.1%,8.6%,13.3%,13.1%,14.4%,16.7%,16.6%,13.2%,21.0%,7.5%,15.9%,14.2%,26.8%,14.0%,15.5%,17.8%,10.1%,6.8%,12.0%,14.3%,27.4%,6.0%,12.7%,18.5%,11.2%,13.4%,12.7%,12.1%,15.9%,11.5%,10.7%,11.2%,17.4%,11.9%
        With related children of the householder under 18 years,18.6%,18.3%,16.6%,13.7%,9.2%,14.7%,20.0%,15.3%,14.9%,31.7%,23.0%,27.9%,16.0%,19.9%,31.6%,26.8%,18.8%,22.5%,25.0%,17.8%,14.9%,33.5%,21.7%,14.5%,23.5%,25.2%,22.0%,12.3%,21.1%,24.8%,19.5%,32.0%,14.6%,19.9%,29.2%,26.9%,20.5%,40.1%,16.6%,42.8%,29.3%,16.1%,18.3%,13.3%,21.1%,20.3%,22.7%,27.3%,41.6%,22.0%,40.5%,15.3%,26.9%,21.9%,39.9%,17.0%,26.2%,31.0%,17.0%,13.3%,19.6%,23.1%,40.0%,9.1%,24.0%,29.3%,19.1%,21.6%,21.7%,20.0%,23.4%,19.7%,15.7%,17.6%,24.1%,17.9%
            With related children of the householder under 5 years only,20.4%,22.1%,17.9%,23.1%,9.2%,20.7%,9.4%,6.3%,18.9%,40.5%,31.0%,19.6%,8.3%,77.2%,18.7%,23.2%,26.4%,20.7%,27.6%,16.3%,14.3%,19.6%,49.7%,17.1%,14.7%,51.2%,21.8%,15.6%,32.1%,42.2%,20.1%,22.8%,7.3%,31.8%,19.5%,21.2%,17.7%,37.5%,22.2%,51.4%,10.9%,4.7%,13.4%,8.4%,14.6%,52.9%,33.1%,42.4%,33.7%,14.4%,69.1%,31.2%,40.5%,14.8%,56.6%,21.3%,33.3%,38.1%,23.3%,25.0%,20.4%,22.5%,49.8%,10.3%,14.0%,40.2%,18.1%,3.9%,27.5%,26.1%,28.5%,29.1%,15.5%,23.1%,42.6%,29.2%
        Married couple families,5.8%,6.1%,8.4%,6.0%,3.8%,5.8%,3.0%,6.6%,6.7%,5.0%,5.4%,6.5%,5.9%,2.1%,10.2%,10.0%,4.4%,6.8%,4.1%,7.1%,3.4%,8.8%,7.2%,5.9%,12.5%,10.3%,5.6%,4.1%,3.7%,6.8%,5.9%,6.7%,6.1%,6.7%,10.1%,8.8%,7.7%,6.6%,4.7%,5.0%,9.6%,4.3%,7.1%,4.6%,6.3%,8.1%,4.2%,4.6%,2.6%,8.9%,8.2%,4.5%,6.8%,10.6%,9.1%,10.6%,6.9%,9.9%,4.4%,2.8%,5.1%,7.2%,21.5%,3.4%,7.9%,15.0%,5.9%,8.0%,7.0%,10.0%,8.8%,5.9%,4.8%,5.9%,7.0%,5.7%
            With related children of the householder under 18 years,8.4%,6.1%,10.0%,8.1%,4.8%,5.0%,6.1%,7.7%,13.2%,13.1%,10.1%,9.6%,8.8%,2.3%,9.9%,16.7%,6.2%,13.9%,5.5%,11.0%,2.1%,15.5%,7.5%,7.9%,23.4%,11.7%,12.8%,6.5%,6.2%,13.1%,12.1%,10.4%,8.7%,12.8%,15.0%,7.8%,11.2%,4.6%,7.5%,5.0%,18.2%,4.1%,10.1%,6.7%,8.9%,6.1%,6.2%,5.5%,6.1%,14.9%,20.1%,4.5%,10.6%,12.3%,8.5%,11.4%,11.2%,16.2%,6.9%,6.7%,7.6%,11.4%,37.0%,4.8%,15.4%,22.9%,10.3%,11.9%,10.6%,21.2%,8.6%,9.8%,7.8%,8.7%,5.4%,6.3%
                With related children of the householder under 5 years only,7.7%,19.3%,6.3%,5.5%,5.5%,4.6%,15.0%,15.0%,4.7%,0.0%,5.5%,4.4%,2.3%,25.5%,5.3%,0.0%,8.8%,6.2%,12.3%,5.9%,0.0%,4.2%,13.5%,9.7%,20.0%,58.0%,5.3%,0.8%,19.4%,15.7%,5.0%,6.8%,2.9%,28.9%,5.6%,4.5%,13.3%,4.0%,1.1%,0.0%,2.6%,0.0%,13.9%,3.7%,0.0%,20.5%,4.9%,9.1%,0.0%,10.5%,0.0%,12.5%,0.0%,0.0%,0.0%,23.6%,12.8%,23.1%,3.6%,7.2%,9.1%,3.9%,46.6%,6.8%,0.0%,40.0%,4.2%,0.0%,12.6%,34.2%,21.6%,18.2%,3.7%,13.9%,13.8%,5.5%
"        Families with female householder, no spouse present",31.7%,28.2%,24.9%,21.9%,20.6%,30.6%,42.1%,24.2%,25.0%,45.2%,35.4%,44.8%,29.6%,50.6%,51.2%,30.3%,35.8%,32.3%,40.3%,29.7%,28.0%,43.1%,37.5%,28.5%,23.3%,37.8%,30.9%,23.0%,40.8%,34.5%,40.7%,43.7%,28.6%,27.6%,34.4%,37.0%,36.6%,51.7%,32.1%,61.5%,33.0%,28.1%,33.3%,23.4%,38.8%,39.3%,40.8%,38.9%,47.7%,35.1%,49.1%,23.3%,35.0%,29.3%,54.9%,35.4%,46.5%,57.8%,30.2%,26.6%,27.7%,42.1%,37.8%,15.5%,46.6%,37.7%,30.3%,34.8%,34.5%,33.7%,35.8%,34.0%,28.2%,30.2%,46.3%,35.8%
            With related children of the householder under 18 years,40.8%,35.8%,38.2%,36.1%,24.6%,41.8%,53.4%,33.6%,27.4%,52.5%,47.6%,51.4%,38.2%,66.1%,62.1%,43.8%,44.1%,44.4%,48.7%,29.4%,43.3%,57.0%,54.2%,34.5%,29.1%,45.0%,40.1%,33.0%,45.8%,40.3%,47.1%,61.3%,40.9%,47.6%,57.2%,44.6%,59.2%,77.0%,40.9%,81.0%,58.5%,42.5%,48.5%,28.1%,54.5%,61.8%,46.4%,49.1%,67.8%,42.5%,63.0%,46.2%,40.6%,42.7%,66.8%,42.4%,60.8%,70.5%,42.4%,32.0%,36.6%,57.1%,44.0%,21.2%,54.9%,68.1%,39.5%,61.0%,49.5%,27.5%,46.2%,44.9%,36.7%,40.3%,57.6%,41.8%
                With related children of the householder under 5 years only,48.0%,17.4%,29.5%,99.1%,32.1%,49.4%,0.0%,0.0%,53.0%,66.9%,60.8%,100.0%,49.1%,100.0%,41.3%,18.9%,59.9%,42.8%,58.0%,38.3%,0.0%,45.7%,100.0%,41.6%,12.1%,100.0%,51.9%,51.2%,52.0%,86.8%,77.5%,44.9%,34.2%,73.1%,54.8%,42.5%,48.3%,82.9%,56.6%,83.9%,55.1%,19.7%,0.0%,20.2%,51.9%,100.0%,54.1%,53.0%,66.7%,60.0%,75.3%,66.7%,61.8%,43.2%,86.7%,0.0%,73.8%,66.0%,64.4%,76.9%,34.1%,62.4%,43.6%,26.4%,100.0%,41.2%,45.3%,47.8%,47.4%,-,45.7%,44.1%,53.3%,46.2%,83.3%,76.7%
    All people,16.1%,16.0%,16.2%,12.7%,8.6%,13.7%,15.7%,12.8%,15.2%,28.2%,20.9%,20.4%,14.3%,14.7%,24.3%,19.8%,17.7%,17.8%,21.0%,17.2%,13.4%,25.5%,20.4%,15.7%,22.3%,20.8%,17.0%,12.7%,16.5%,22.0%,15.3%,19.3%,15.2%,15.2%,22.8%,20.8%,18.3%,24.7%,14.0%,27.0%,19.7%,14.2%,16.4%,12.0%,17.3%,18.6%,17.7%,21.4%,22.9%,18.5%,21.3%,10.5%,21.6%,16.2%,31.3%,16.7%,20.4%,22.2%,15.9%,10.4%,15.8%,18.9%,28.4%,8.4%,17.4%,25.9%,16.7%,19.8%,18.1%,20.4%,19.7%,16.3%,16.0%,14.4%,22.4%,14.8%
        Under 18 years,22.0%,18.0%,21.6%,19.3%,11.5%,16.5%,19.6%,23.5%,19.2%,41.3%,26.9%,29.9%,19.3%,22.2%,32.7%,29.6%,22.4%,31.5%,33.6%,23.4%,18.3%,38.1%,25.9%,15.3%,28.7%,28.0%,28.6%,11.5%,24.7%,33.9%,21.2%,31.4%,20.0%,25.6%,35.8%,29.5%,23.8%,41.2%,15.6%,33.3%,27.4%,23.9%,23.7%,16.0%,28.1%,22.8%,22.8%,29.7%,46.9%,26.6%,32.7%,15.0%,31.7%,20.5%,46.9%,16.8%,31.9%,32.5%,18.1%,11.4%,23.5%,25.1%,37.7%,11.0%,25.7%,41.2%,24.7%,28.9%,27.6%,24.3%,26.4%,20.7%,17.2%,19.3%,35.2%,19.9%
            Related children of the householder under 18 years,21.7%,17.3%,21.3%,18.4%,11.2%,15.9%,19.5%,23.5%,19.0%,41.3%,26.4%,28.0%,18.6%,22.2%,32.7%,29.5%,22.2%,30.4%,33.4%,23.4%,17.8%,37.7%,25.9%,15.0%,28.5%,25.3%,28.2%,11.2%,23.9%,33.7%,21.0%,31.2%,19.8%,25.2%,35.8%,29.1%,23.7%,41.2%,15.5%,32.9%,26.3%,23.9%,22.2%,15.7%,27.9%,22.1%,22.8%,29.2%,46.9%,26.2%,33.6%,15.0%,31.7%,20.5%,46.9%,16.8%,31.3%,32.1%,17.6%,11.1%,23.2%,25.2%,37.4%,10.7%,25.6%,41.2%,24.4%,28.4%,27.5%,24.3%,26.4%,20.3%,17.1%,19.0%,35.2%,19.8%
                Related children of the householder under 5 years,25.8%,13.4%,29.3%,16.0%,12.8%,20.2%,13.0%,27.7%,27.5%,45.8%,37.7%,29.4%,18.0%,46.8%,26.5%,41.0%,28.1%,32.2%,43.8%,30.7%,19.3%,43.7%,44.6%,20.3%,14.9%,32.8%,33.5%,9.3%,34.2%,50.2%,20.9%,34.0%,20.3%,38.2%,24.8%,35.0%,27.8%,42.6%,14.2%,39.3%,30.0%,34.3%,24.6%,16.1%,27.4%,38.5%,22.3%,32.2%,55.3%,18.5%,27.8%,26.9%,37.3%,27.9%,56.2%,18.0%,39.6%,34.5%,22.8%,12.5%,27.9%,35.6%,42.5%,13.5%,21.5%,47.8%,28.0%,22.5%,47.5%,25.4%,32.0%,35.6%,21.8%,18.7%,52.2%,27.0%
                Related children of the householder 5 to 17 years,20.1%,18.8%,18.4%,19.1%,10.6%,14.3%,21.7%,22.4%,16.2%,39.7%,22.1%,27.5%,18.8%,15.4%,35.5%,25.5%,19.9%,29.8%,29.5%,20.6%,17.0%,35.7%,17.8%,13.1%,33.1%,22.8%,26.4%,11.8%,19.8%,27.5%,21.1%,30.1%,19.5%,20.8%,39.7%,26.9%,22.3%,40.5%,16.0%,30.2%,25.0%,20.0%,21.4%,15.6%,28.1%,16.8%,22.9%,28.1%,43.2%,28.9%,35.8%,11.5%,29.8%,18.1%,43.2%,16.5%,28.3%,31.3%,15.6%,10.5%,21.4%,21.3%,35.2%,9.7%,27.0%,39.0%,23.1%,30.7%,20.9%,23.9%,24.2%,15.5%,15.2%,19.1%,29.0%,17.3%
        18 years and over,14.3%,15.4%,14.6%,11.3%,7.5%,12.8%,14.5%,10.3%,14.0%,24.2%,19.4%,17.9%,13.1%,12.5%,22.0%,17.0%,16.1%,13.4%,16.3%,15.2%,12.5%,21.2%,18.9%,15.8%,20.3%,18.9%,14.1%,13.0%,13.9%,18.0%,13.6%,15.0%,13.7%,12.8%,18.9%,18.0%,16.5%,21.0%,13.5%,25.3%,16.9%,11.5%,14.4%,10.6%,14.1%,17.7%,16.2%,18.5%,16.5%,16.7%,18.0%,9.4%,18.7%,15.0%,25.9%,16.7%,17.0%,19.2%,15.2%,10.1%,13.4%,17.1%,25.5%,7.7%,14.8%,22.1%,14.2%,16.1%,15.6%,19.4%,17.5%,15.3%,15.6%,12.8%,19.2%,13.1%
            18 to 64 years,15.5%,14.3%,14.5%,13.2%,7.6%,12.6%,16.0%,11.4%,15.8%,27.1%,22.3%,18.6%,15.6%,14.8%,24.0%,19.1%,18.0%,14.6%,17.5%,15.7%,13.3%,24.9%,20.7%,16.5%,21.7%,21.0%,16.6%,14.6%,14.9%,20.4%,15.5%,17.4%,15.7%,13.8%,20.9%,19.8%,16.9%,22.4%,14.7%,28.9%,21.6%,11.4%,15.7%,11.0%,16.0%,22.3%,16.6%,20.0%,18.0%,19.8%,21.8%,9.0%,20.0%,17.1%,28.4%,17.3%,19.4%,23.4%,17.0%,10.9%,14.6%,18.9%,27.7%,8.2%,16.8%,24.9%,15.7%,17.6%,18.5%,23.0%,19.4%,16.7%,17.0%,13.5%,23.1%,14.3%
            65 years and over,9.8%,18.7%,14.9%,8.3%,7.0%,13.4%,9.5%,7.1%,9.9%,16.5%,9.0%,15.8%,7.9%,5.8%,15.2%,10.5%,7.4%,9.1%,11.3%,13.6%,10.5%,10.2%,12.7%,12.2%,16.2%,14.5%,8.1%,7.3%,10.3%,10.1%,8.1%,7.0%,6.5%,11.0%,13.0%,12.3%,14.9%,17.4%,10.1%,16.2%,6.1%,11.7%,10.5%,8.9%,8.1%,8.8%,14.7%,12.2%,12.8%,10.4%,6.7%,10.2%,14.8%,8.7%,18.6%,14.9%,8.7%,9.3%,8.2%,8.3%,8.9%,11.8%,18.5%,6.0%,9.3%,16.0%,8.5%,10.0%,9.6%,12.4%,11.2%,12.3%,7.7%,10.1%,9.6%,9.0%
        People in families,13.0%,11.3%,13.4%,9.8%,7.2%,10.7%,11.0%,10.3%,11.2%,24.7%,13.3%,16.6%,11.3%,11.8%,21.6%,17.6%,14.0%,15.6%,19.6%,14.1%,8.5%,22.5%,14.6%,10.8%,17.3%,16.6%,13.8%,8.6%,13.7%,18.8%,12.9%,17.8%,11.9%,11.8%,19.9%,18.4%,14.6%,23.3%,9.7%,22.1%,16.6%,12.2%,12.5%,9.7%,15.4%,14.3%,14.7%,18.1%,20.6%,15.8%,20.6%,7.0%,18.5%,14.3%,30.4%,13.4%,17.7%,19.6%,11.1%,7.0%,13.5%,16.3%,26.1%,6.2%,14.5%,21.7%,13.7%,16.8%,14.3%,14.4%,17.1%,12.3%,11.4%,11.6%,18.7%,12.2%
        Unrelated individuals 15 years and over,29.2%,33.5%,32.6%,23.8%,16.8%,27.9%,34.3%,29.0%,34.6%,44.0%,46.4%,35.0%,26.4%,31.0%,35.4%,29.9%,32.4%,30.4%,26.5%,34.0%,32.2%,38.5%,38.1%,34.4%,44.8%,37.8%,28.9%,33.7%,31.5%,38.3%,28.1%,27.1%,30.8%,30.7%,33.6%,30.2%,35.9%,30.5%,35.2%,45.5%,37.2%,22.9%,34.7%,24.5%,29.2%,35.2%,32.1%,35.7%,29.9%,35.8%,25.3%,31.6%,36.4%,30.1%,35.8%,35.2%,32.8%,33.8%,36.8%,24.3%,23.5%,31.1%,37.7%,20.5%,33.0%,49.6%,29.0%,43.0%,33.3%,44.9%,31.0%,34.6%,31.5%,28.1%,36.4%,29.8%
