Label (Grouping),Arkansas!!Uninsured!!Margin of Error,"Arkansas County, Arkansas!!Uninsured!!Margin of Error","Ashley County, Arkansas!!Uninsured!!Margin of Error","Baxter County, Arkansas!!Uninsured!!Margin of Error","Benton County, Arkansas!!Uninsured!!Margin of Error","Boone County, Arkansas!!Uninsured!!Margin of Error","Bradley County, Arkansas!!Uninsured!!Margin of Error","Calhoun County, Arkansas!!Uninsured!!Margin of Error","Carroll County, Arkansas!!Uninsured!!Margin of Error","Chicot County, Arkansas!!Uninsured!!Margin of Error","Clark County, Arkansas!!Uninsured!!Margin of Error","Clay County, Arkansas!!Uninsured!!Margin of Error","Cleburne County, Arkansas!!Uninsured!!Margin of Error","Cleveland County, Arkansas!!Uninsured!!Margin of Error","Columbia County, Arkansas!!Uninsured!!Margin of Error","Conway County, Arkansas!!Uninsured!!Margin of Error","Craighead County, Arkansas!!Uninsured!!Margin of Error","Crawford County, Arkansas!!Uninsured!!Margin of Error","Crittenden County, Arkansas!!Uninsured!!Margin of Error","Cross County, Arkansas!!Uninsured!!Margin of Error","Dallas County, Arkansas!!Uninsured!!Margin of Error","Desha County, Arkansas!!Uninsured!!Margin of Error","Drew County, Arkansas!!Uninsured!!Margin of Error","Faulkner County, Arkansas!!Uninsured!!Margin of Error","Franklin County, Arkansas!!Uninsured!!Margin of Error","Fulton County, Arkansas!!Uninsured!!Margin of Error","Garland County, Arkansas!!Uninsured!!Margin of Error","Grant County, Arkansas!!Uninsured!!Margin of Error","Greene County, Arkansas!!Uninsured!!Margin of Error","Hempstead County, Arkansas!!Uninsured!!Margin of Error","Hot Spring County, Arkansas!!Uninsured!!Margin of Error","Howard County, Arkansas!!Uninsured!!Margin of Error","Independence County, Arkansas!!Uninsured!!Margin of Error","Izard County, Arkansas!!Uninsured!!Margin of Error","Jackson County, Arkansas!!Uninsured!!Margin of Error","Jefferson County, Arkansas!!Uninsured!!Margin of Error","Johnson County, Arkansas!!Uninsured!!Margin of Error","Lafayette County, Arkansas!!Uninsured!!Margin of Error","Lawrence County, Arkansas!!Uninsured!!Margin of Error","Lee County, Arkansas!!Uninsured!!Margin of Error","Lincoln County, Arkansas!!Uninsured!!Margin of Error","Little River County, Arkansas!!Uninsured!!Margin of Error","Logan County, Arkansas!!Uninsured!!Margin of Error","Lonoke County, Arkansas!!Uninsured!!Margin of Error","Madison County, Arkansas!!Uninsured!!Margin of Error","Marion County, Arkansas!!Uninsured!!Margin of Error","Miller County, Arkansas!!Uninsured!!Margin of Error","Mississippi County, Arkansas!!Uninsured!!Margin of Error","Monroe County, Arkansas!!Uninsured!!Margin of Error","Montgomery County, Arkansas!!Uninsured!!Margin of Error","Nevada County, Arkansas!!Uninsured!!Margin of Error","Newton County, Arkansas!!Uninsured!!Margin of Error","Ouachita County, Arkansas!!Uninsured!!Margin of Error","Perry County, Arkansas!!Uninsured!!Margin of Error","Phillips County, Arkansas!!Uninsured!!Margin of Error","Pike County, Arkansas!!Uninsured!!Margin of Error","Poinsett County, Arkansas!!Uninsured!!Margin of Error","Polk County, Arkansas!!Uninsured!!Margin of Error","Pope County, Arkansas!!Uninsured!!Margin of Error","Prairie County, Arkansas!!Uninsured!!Margin of Error","Pulaski County, Arkansas!!Uninsured!!Margin of Error","Randolph County, Arkansas!!Uninsured!!Margin of Error","St. Francis County, Arkansas!!Uninsured!!Margin of Error","Saline County, Arkansas!!Uninsured!!Margin of Error","Scott County, Arkansas!!Uninsured!!Margin of Error","Searcy County, Arkansas!!Uninsured!!Margin of Error","Sebastian County, Arkansas!!Uninsured!!Margin of Error","Sevier County, Arkansas!!Uninsured!!Margin of Error","Sharp County, Arkansas!!Uninsured!!Margin of Error","Stone County, Arkansas!!Uninsured!!Margin of Error","Union County, Arkansas!!Uninsured!!Margin of Error","Van Buren County, Arkansas!!Uninsured!!Margin of Error","Washington County, Arkansas!!Uninsured!!Margin of Error","White County, Arkansas!!Uninsured!!Margin of Error","Woodruff County, Arkansas!!Uninsured!!Margin of Error","Yell County, Arkansas!!Uninsured!!Margin of Error"
Civilian noninstitutionalized population,"±6,368",±174,±331,±486,"±1,636",±535,±257,±185,±692,±195,±360,±171,±323,±155,±365,±295,±996,±670,±474,±285,±205,±255,±217,"±1,143",±290,±451,"±1,083",±333,±563,±393,±439,±456,±494,±209,±292,±522,±425,±137,±172,±184,±212,±169,±276,±768,±331,±253,±562,±393,±163,±223,±244,±132,±417,±169,±400,±162,±428,±289,±753,±146,"±2,203",±321,±493,±836,±205,±106,"±1,340",±360,±200,±280,±440,±309,"±1,917",±927,±123,±383
    AGE,,,,,,,,,,,,,,,,,,,,,,,,,,,,,,,,,,,,,,,,,,,,,,,,,,,,,,,,,,,,,,,,,,,,,,,,,,,,
        Under 6 years,±814,±31,±23,±60,±339,±44,±50,±10,±97,±19,±48,±17,±72,±17,±81,±19,±137,±185,±104,±34,±17,±8,±31,±75,±16,±81,±151,±87,±88,±71,±42,±60,±106,±13,±60,±84,±35,±47,±46,±50,±101,±74,±23,±147,±36,±24,±41,±80,±43,±57,±17,±10,±34,±19,±20,±8,±37,±3,±73,±31,±251,±20,±70,±127,±16,±26,±285,±91,±29,±56,±58,±41,±438,±64,±17,±27
        6 to 18 years,"±1,832",±48,±53,±100,±532,±140,±79,±57,±315,±19,±79,±58,±120,±17,±68,±68,±337,±220,±154,±84,±47,±68,±89,±323,±30,±233,±322,±31,±142,±181,±124,±226,±192,±53,±71,±176,±66,±16,±36,±13,±35,±26,±82,±269,±96,±45,±94,±200,±59,±51,±44,±83,±121,±36,±96,±30,±176,±79,±288,±39,±728,±50,±107,±302,±151,±17,±461,±157,±39,±67,±149,±93,±724,±305,±29,±47
        19 to 25 years,"±2,090",±94,±203,±170,±470,±180,±59,±36,±144,±85,±166,±132,±142,±50,±211,±120,±338,±323,±175,±30,±28,±124,±68,±471,±137,±88,±384,±141,±216,±140,±207,±91,±224,±48,±99,±180,±137,±45,±72,±69,±31,±89,±132,±254,±105,±57,±268,±207,±51,±62,±139,±56,±161,±73,±196,±65,±138,±109,±302,±51,±838,±180,±146,±251,±47,±43,±477,±139,±63,±88,±188,±158,±632,±215,±26,±76
        26 to 34 years,"±2,421",±80,±113,±171,±655,±237,±134,±55,±205,±131,±163,±69,±126,±75,±151,±146,±380,±405,±215,±99,±79,±108,±113,±489,±98,±103,±396,±71,±257,±106,±274,±107,±200,±78,±113,±178,±153,±58,±85,±75,±75,±52,±107,±313,±90,±112,±283,±202,±62,±68,±96,±38,±173,±63,±101,±72,±173,±196,±270,±78,±804,±153,±334,±340,±92,±62,±421,±177,±92,±66,±246,±102,±742,±511,±40,±176
        35 to 44 years,"±2,184",±67,±102,±152,±608,±232,±135,±36,±225,±103,±166,±48,±131,±75,±157,±112,±531,±290,±202,±193,±86,±84,±89,±328,±51,±106,±469,±190,±294,±153,±147,±170,±176,±60,±148,±255,±175,±49,±88,±84,±14,±57,±130,±224,±116,±112,±215,±178,±48,±115,±75,±34,±112,±89,±102,±85,±206,±139,±254,±39,±759,±128,±177,±379,±38,±38,±524,±181,±81,±134,±154,±122,±663,±303,±58,±223
        45 to 54 years,"±1,707",±69,±141,±263,±620,±167,±80,±105,±201,±69,±76,±91,±104,±32,±103,±79,±337,±242,±144,±160,±72,±76,±102,±327,±166,±68,±370,±97,±215,±150,±132,±66,±150,±100,±94,±157,±204,±48,±70,±95,±89,±73,±87,±250,±182,±94,±217,±112,±68,±91,±113,±39,±86,±49,±142,±134,±139,±88,±261,±50,±657,±77,±96,±343,±32,±67,±358,±118,±96,±42,±185,±129,±642,±406,±35,±105
        55 to 64 years,"±1,071",±77,±120,±142,±382,±72,±57,±25,±156,±75,±77,±23,±147,±55,±90,±93,±204,±234,±164,±67,±59,±31,±32,±306,±96,±59,±282,±89,±99,±81,±114,±47,±151,±82,±54,±178,±160,±62,±45,±55,±75,±28,±64,±171,±132,±100,±192,±131,±36,±57,±53,±32,±109,±38,±112,±62,±82,±89,±113,±58,±531,±81,±61,±220,±55,±36,±328,±152,±66,±130,±141,±50,±367,±310,±50,±69
        65 to 74 years,±384,±19,±23,±26,±209,±26,±19,±17,±4,±19,±23,±19,±23,±17,±23,±23,±24,±10,±24,±19,±17,±7,±19,±93,±19,±19,±56,±19,±26,±23,±26,±19,±38,±3,±19,±39,±23,±17,±19,±17,±19,±8,±23,±29,±19,±4,±32,±15,±17,±17,±12,±15,±23,±19,±49,±19,±23,±39,±29,±17,±184,±19,±23,±82,±19,±26,±116,±19,±19,±19,±26,±19,±92,±138,±7,±29
        75 years and older,±283,±19,±23,±29,±73,±4,±13,±17,±23,±28,±23,±19,±23,±17,±23,±23,±12,±20,±26,±19,±17,±19,±19,±6,±19,±19,±246,±19,±14,±64,±26,±19,±26,±19,±19,±32,±23,±17,±19,±17,±19,±19,±5,±14,±9,±19,±63,±33,±17,±17,±17,±17,±23,±19,±19,±19,±23,±19,±29,±17,±58,±19,±23,±29,±19,±17,±13,±19,±19,±19,±26,±19,±73,±29,±17,±23
        Under 19 years,"±2,106",±62,±53,±114,±717,±165,±98,±57,±360,±19,±101,±58,±133,±17,±111,±76,±366,±283,±192,±92,±53,±68,±100,±343,±35,±307,±382,±92,±176,±215,±130,±266,±195,±59,±92,±210,±71,±52,±54,±51,±106,±77,±82,±327,±119,±54,±101,±214,±80,±76,±44,±85,±122,±36,±98,±31,±184,±79,±295,±54,±809,±55,±124,±366,±156,±26,±668,±180,±55,±98,±185,±98,±939,±321,±29,±54
        19 to 64 years,"±5,626",±156,±327,±460,"±1,347",±473,±209,±164,±465,±198,±313,±182,±278,±155,±357,±277,±830,±611,±422,±278,±181,±209,±190,±978,±279,±208,±907,±312,±478,±281,±420,±250,±431,±194,±269,±462,±423,±109,±152,±172,±166,±148,±233,±621,±280,±244,±525,±340,±140,±199,±235,±89,±350,±163,±354,±161,±316,±275,±598,±125,"±1,952",±314,±442,±656,±125,±97,"±1,039",±331,±194,±226,±434,±286,"±1,389",±800,±115,±387
        65 years and older,±509,±19,±23,±29,±238,±4,±13,±17,±4,±28,±23,±19,±23,±17,±23,±23,±27,±23,±24,±19,±17,±7,±19,±93,±19,±19,±230,±19,±14,±64,±26,±19,±38,±3,±19,±52,±23,±17,±19,±17,±19,±8,±5,±14,±9,±4,±72,±37,±17,±17,±12,±15,±23,±19,±49,±19,±23,±39,±29,±17,±183,±19,±23,±82,±19,±26,±117,±19,±19,±19,±26,±19,±119,±138,±7,±29
    SEX,,,,,,,,,,,,,,,,,,,,,,,,,,,,,,,,,,,,,,,,,,,,,,,,,,,,,,,,,,,,,,,,,,,,,,,,,,,,
        Male,"±4,149",±136,±242,±286,"±1,033",±287,±180,±119,±446,±149,±194,±126,±227,±99,±244,±228,±692,±387,±285,±195,±139,±151,±137,±762,±260,±256,±615,±298,±402,±259,±291,±288,±366,±151,±201,±419,±281,±112,±119,±142,±133,±106,±172,±428,±215,±137,±427,±289,±129,±137,±184,±112,±262,±115,±302,±122,±319,±202,±465,±118,"±1,556",±237,±391,±648,±150,±100,±846,±218,±147,±178,±264,±230,"±1,342",±703,±80,±285
        Female,"±3,137",±103,±198,±296,±925,±362,±130,±88,±324,±116,±276,±83,±155,±80,±227,±154,±532,±437,±316,±147,±90,±194,±138,±638,±152,±261,±711,±224,±314,±210,±248,±215,±242,±91,±189,±290,±233,±61,±114,±81,±120,±98,±173,±518,±196,±175,±288,±246,±58,±150,±130,±57,±264,±88,±207,±113,±193,±202,±400,±73,"±1,149",±139,±195,±485,±123,±64,±795,±205,±113,±168,±305,±151,±902,±472,±64,±151
    RACE AND HISPANIC OR LATINO ORIGIN,,,,,,,,,,,,,,,,,,,,,,,,,,,,,,,,,,,,,,,,,,,,,,,,,,,,,,,,,,,,,,,,,,,,,,,,,,,,
        White alone,"±4,868",±152,±216,±462,"±1,270",±499,±220,±177,±660,±101,±262,±170,±291,±107,±259,±286,±837,±602,±291,±258,±118,±159,±183,"±1,026",±260,±450,±923,±316,±509,±272,±403,±320,±435,±202,±239,±311,±340,±117,±169,±114,±181,±145,±253,±696,±316,±236,±473,±322,±122,±225,±133,±132,±276,±159,±201,±156,±399,±262,±728,±123,"±1,447",±318,±201,±748,±193,±90,"±1,007",±224,±199,±276,±389,±322,"±1,509",±913,±90,±306
        Black or African American alone,"±1,927",±117,±224,±9,±133,±41,±126,±39,±10,±159,±214,±19,±17,±86,±275,±45,±323,±69,±360,±95,±126,±229,±132,±340,±14,±19,±479,±50,±61,±129,±130,±97,±127,±19,±79,±364,±32,±69,±19,±141,±119,±46,±52,±119,±19,±19,±224,±307,±101,±17,±170,±17,±277,±19,±314,±2,±48,±19,±31,±32,"±1,267",±19,±244,±378,±19,±17,±272,±52,±19,±19,±295,±19,±365,±140,±73,±54
        American Indian and Alaska Native alone,±482,±19,±23,±65,±223,±3,±21,±17,±28,±19,±23,±19,±23,±17,±23,±23,±29,±145,±11,±19,±17,±19,±19,±32,±39,±19,±44,±5,±3,±23,±27,±36,±19,±19,±19,±57,±23,±17,±7,±17,±19,±19,±8,±36,±42,±39,±30,±3,±10,±17,±17,±17,±23,±19,±19,±19,±23,±47,±20,±17,±187,±19,±11,±5,±19,±30,±121,±160,±5,±7,±61,±28,±212,±36,±17,±2
        Asian alone,±582,±19,±7,±5,±166,±26,±19,±17,±43,±19,±7,±19,±22,±17,±23,±23,±118,±52,±43,±19,±17,±19,±19,±113,±19,±19,±88,±19,±26,±23,±12,±36,±41,±19,±19,±21,±206,±42,±2,±17,±19,±19,±23,±121,±12,±7,±26,±5,±17,±17,±17,±17,±23,±19,±19,±19,±23,±59,±101,±17,±286,±27,±18,±77,±19,±26,±229,±19,±19,±19,±74,±20,±338,±100,±17,±23
        Native Hawaiian and Other Pacific Islander alone,±605,±19,±23,±26,±295,±26,±19,±17,±187,±19,±23,±19,±23,±17,±23,±23,±29,±29,±26,±19,±39,±19,±19,±29,±2,±19,±29,±19,±35,±23,±26,±19,±26,±19,±19,±29,±20,±17,±2,±17,±19,±19,±23,±29,±32,±19,±35,±21,±17,±17,±17,±17,±23,±19,±19,±19,±23,±19,±29,±17,±76,±26,±24,±29,±19,±17,±29,±18,±19,±19,±26,±19,±495,±29,±17,±23
        Some other race alone,"±1,517",±19,±49,±18,±270,±3,±9,±17,±38,±15,±74,±19,±9,±17,±79,±23,±405,±139,±34,±19,±17,±49,±40,±346,±93,±11,±268,±19,±62,±232,±100,±243,±250,±10,±19,±160,±40,±22,±19,±17,±17,±49,±61,±224,±19,±19,±143,±96,±17,±66,±17,±17,±23,±36,±19,±50,±102,±67,±162,±27,±818,±84,±76,±215,±8,±15,±579,±342,±20,±14,±26,±72,±931,±141,±17,±168
        Two or more races,"±1,518",±6,±23,±39,±683,±201,±19,±24,±132,±84,±47,±15,±126,±17,±23,±3,±235,±320,±146,±46,±17,±30,±38,±222,±35,±21,±102,±4,±138,±25,±97,±76,±152,±42,±124,±55,±42,±10,±17,±10,±19,±84,±47,±62,±35,±26,±53,±143,±11,±59,±70,±17,±9,±7,±14,±22,±84,±48,±118,±43,±330,±39,±364,±196,±82,±43,±530,±15,±39,±57,±15,±33,±805,±152,±17,±24
        Hispanic or Latino (of any race),"±2,628",±56,±109,±97,±950,±65,±148,±89,±349,±60,±74,±35,±135,±17,±83,±135,±363,±426,±93,±127,±17,±123,±62,±391,±82,±15,±411,±31,±77,±241,±99,±233,±263,±41,±116,±169,±207,±66,±55,±32,±63,±59,±68,±235,±114,±19,±149,±146,±17,±41,±17,±17,±23,±50,±35,±46,±83,±86,±383,±27,"±1,018",±75,±334,±318,±107,±27,±722,±310,±50,±78,±152,±113,"±1,258",±311,±17,±222
"        White alone, not Hispanic or Latino","±4,095",±140,±184,±445,"±1,278",±492,±154,±150,±530,±83,±254,±172,±242,±107,±239,±247,±794,±607,±277,±229,±118,±90,±169,±909,±259,±450,±887,±312,±505,±244,±403,±316,±430,±202,±239,±310,±285,±83,±166,±114,±174,±144,±249,±684,±291,±236,±468,±296,±122,±207,±133,±132,±276,±150,±203,±156,±393,±263,±600,±123,"±1,104",±304,±201,±690,±162,±90,±958,±200,±192,±240,±334,±307,"±1,145",±853,±90,±290
    LIVING ARRANGEMENTS,,,,,,,,,,,,,,,,,,,,,,,,,,,,,,,,,,,,,,,,,,,,,,,,,,,,,,,,,,,,,,,,,,,,,,,,,,,,
        In family households,"±5,473",±160,±309,±447,"±1,589",±485,±224,±181,±672,±179,±291,±175,±288,±156,±350,±266,±928,±663,±409,±253,±193,±249,±190,"±1,006",±286,±457,"±1,023",±293,±570,±419,±442,±457,±429,±188,±235,±446,±329,±144,±172,±189,±199,±161,±256,±717,±337,±202,±491,±374,±129,±217,±147,±131,±397,±160,±358,±154,±405,±259,±701,±136,"±1,809",±306,±480,±751,±196,±99,"±1,244",±341,±179,±280,±426,±313,"±1,870",±879,±120,±382
            In married couple families,"±3,969",±140,±255,±318,"±1,264",±406,±217,±114,±645,±126,±213,±103,±285,±67,±250,±200,±829,±628,±228,±267,±145,±144,±170,±801,±163,±434,±855,±262,±437,±386,±365,±431,±432,±151,±179,±298,±242,±127,±164,±144,±176,±124,±221,±593,±275,±92,±403,±281,±99,±215,±140,±98,±255,±95,±185,±140,±388,±216,±573,±104,"±1,456",±196,±473,±565,±98,±83,±975,±342,±145,±240,±277,±242,"±1,599",±698,±67,±333
            In other families,"±3,589",±126,±224,±283,"±1,065",±267,±163,±133,±213,±152,±197,±161,±153,±136,±311,±150,±526,±458,±355,±131,±89,±222,±128,±584,±225,±101,±751,±253,±498,±192,±286,±86,±351,±137,±228,±346,±235,±61,±97,±110,±52,±111,±116,±439,±172,±172,±388,±295,±98,±132,±94,±101,±274,±140,±316,±74,±161,±209,±416,±72,"±1,149",±295,±211,±504,±172,±77,±862,±241,±114,±162,±387,±187,"±1,476",±628,±95,±168
"                Male reference person, no spouse present","±1,989",±56,±107,±168,±477,±137,±143,±69,±71,±49,±48,±131,±84,±122,±96,±22,±236,±113,±151,±64,±5,±110,±42,±447,±70,±63,±372,±80,±253,±174,±73,±80,±259,±125,±192,±144,±112,±28,±48,±31,±37,±24,±79,±238,±138,±115,±196,±157,±66,±91,±22,±101,±118,±91,±151,±65,±142,±110,±175,±63,±577,±105,±171,±281,±55,±42,±411,±195,±65,±54,±223,±139,"±1,003",±350,±79,±108
"                Female reference person, no spouse present","±2,928",±116,±187,±277,±915,±245,±91,±90,±208,±137,±193,±96,±119,±76,±283,±146,±486,±423,±322,±118,±88,±184,±122,±472,±237,±88,±692,±242,±418,±95,±270,±57,±222,±47,±109,±294,±216,±53,±97,±102,±34,±111,±80,±381,±123,±138,±319,±263,±71,±85,±84,±8,±249,±120,±279,±38,±128,±150,±349,±47,"±1,075",±282,±164,±440,±152,±68,±735,±135,±88,±145,±402,±171,"±1,018",±521,±46,±127
        In non-family households and other living arrangements,"±2,567",±84,±131,±234,±546,±247,±114,±34,±189,±94,±197,±84,±220,±11,±173,±114,±583,±243,±282,±139,±71,±42,±109,±523,±59,±66,±459,±108,±185,±96,±143,±132,±205,±57,±156,±301,±235,±57,±51,±65,±73,±58,±114,±263,±120,±155,±280,±172,±77,±49,±175,±22,±99,±82,±122,±61,±178,±163,±288,±51,"±1,226",±80,±142,±460,±55,±40,±488,±100,±109,±53,±174,±108,±858,±364,±40,±29
    NATIVITY AND U.S. CITIZENSHIP STATUS,,,,,,,,,,,,,,,,,,,,,,,,,,,,,,,,,,,,,,,,,,,,,,,,,,,,,,,,,,,,,,,,,,,,,,,,,,,,
        Native born,"±5,370",±178,±292,±475,"±1,402",±534,±226,±171,±552,±187,±367,±174,±307,±155,±366,±260,±914,±662,±462,±193,±205,±233,±209,"±1,055",±290,±451,±963,±328,±565,±339,±439,±363,±493,±209,±292,±500,±299,±111,±167,±185,±205,±171,±269,±734,±328,±252,±541,±403,±163,±223,±244,±132,±417,±169,±400,±159,±423,±290,±602,±137,"±1,989",±304,±316,±796,±198,±101,"±1,191",±288,±196,±280,±417,±304,"±1,556",±895,±123,±333
        Foreign born,"±2,349",±30,±114,±53,±885,±3,±123,±34,±392,±60,±63,±15,±128,±17,±93,±135,±426,±351,±88,±244,±17,±86,±48,±412,±9,±15,±640,±31,±37,±196,±100,±196,±210,±15,±19,±93,±278,±68,±53,±7,±36,±37,±39,±154,±50,±7,±149,±96,±17,±43,±17,±17,±23,±7,±5,±55,±67,±103,±358,±27,±864,±79,±335,±274,±38,±27,±491,±270,±48,±19,±113,±123,"±1,063",±255,±17,±203
            Naturalized,±709,±19,±20,±52,±245,±26,±93,±40,±10,±34,±23,±19,±22,±17,±23,±23,±86,±213,±27,±19,±17,±56,±5,±145,±5,±19,±99,±19,±26,±23,±26,±19,±23,±3,±19,±3,±181,±24,±19,±17,±8,±19,±23,±91,±34,±19,±98,±75,±17,±22,±17,±17,±23,±19,±19,±28,±25,±53,±15,±17,±281,±62,±23,±122,±38,±26,±238,±80,±19,±19,±26,±11,±287,±131,±17,±27
            Not a citizen,"±2,385",±30,±122,±15,±913,±3,±88,±12,±393,±72,±63,±15,±127,±17,±93,±135,±407,±208,±89,±244,±17,±99,±48,±355,±7,±15,±598,±31,±37,±196,±100,±196,±213,±14,±19,±93,±208,±82,±53,±7,±34,±37,±39,±119,±39,±7,±76,±102,±17,±38,±17,±17,±23,±7,±5,±57,±69,±86,±357,±27,±797,±92,±335,±250,±8,±15,±446,±292,±48,±19,±113,±123,"±1,080",±259,±17,±198
    DISABILITY STATUS,,,,,,,,,,,,,,,,,,,,,,,,,,,,,,,,,,,,,,,,,,,,,,,,,,,,,,,,,,,,,,,,,,,,,,,,,,,,
        With a disability,"±1,477",±113,±77,±143,±265,±167,±89,±24,±56,±101,±191,±54,±137,±60,±106,±42,±298,±263,±82,±41,±37,±40,±107,±192,±128,±64,±214,±40,±162,±91,±188,±59,±110,±68,±126,±128,±172,±27,±84,±30,±70,±58,±84,±151,±164,±90,±199,±141,±44,±94,±48,±23,±133,±25,±168,±51,±105,±95,±220,±21,±603,±89,±137,±220,±52,±57,±400,±129,±66,±75,±93,±104,±346,±422,±48,±90
        No disability,"±6,183",±142,±333,±422,"±1,574",±460,±242,±183,±700,±200,±319,±162,±291,±145,±366,±285,±957,±625,±478,±285,±196,±241,±191,"±1,123",±269,±450,"±1,103",±327,±540,±366,±421,±455,±488,±194,±243,±508,±385,±135,±179,±181,±178,±162,±252,±749,±302,±245,±516,±401,±150,±185,±226,±128,±380,±157,±369,±151,±414,±277,±687,±144,"±1,979",±329,±471,±848,±201,±105,"±1,301",±374,±188,±246,±441,±305,"±1,853",±826,±111,±361
    EDUCATIONAL ATTAINMENT,,,,,,,,,,,,,,,,,,,,,,,,,,,,,,,,,,,,,,,,,,,,,,,,,,,,,,,,,,,,,,,,,,,,,,,,,,,,
        Civilian noninstitutionalized population 26 years and over,"±4,614",±136,±232,±385,"±1,069",±431,±200,±151,±436,±176,±253,±127,±268,±144,±270,±257,±758,±507,±354,±274,±177,±161,±180,±814,±259,±181,±894,±265,±436,±255,±365,±208,±335,±178,±237,±396,±390,±102,±145,±155,±163,±109,±220,±525,±249,±236,±457,±289,±132,±191,±181,±82,±285,±133,±268,±147,±265,±251,±514,±110,"±1,551",±206,±374,±643,±118,±94,±947,±316,±178,±211,±356,±234,"±1,199",±775,±110,±354
            Less than high school graduate,"±1,969",±90,±114,±154,±664,±210,±127,±60,±244,±113,±84,±45,±153,±23,±89,±41,±265,±287,±232,±205,±30,±65,±28,±362,±112,±133,±450,±81,±191,±196,±90,±130,±148,±70,±78,±228,±150,±54,±80,±41,±64,±53,±76,±232,±103,±61,±247,±161,±75,±98,±99,±28,±130,±75,±122,±79,±125,±98,±239,±72,±611,±115,±289,±287,±32,±59,±404,±313,±118,±127,±166,±48,±697,±570,±23,±205
            High school graduate (includes equivalency),"±2,807",±102,±173,±224,±832,±228,±142,±103,±264,±115,±152,±93,±138,±127,±159,±226,±534,±295,±243,±175,±83,±148,±139,±556,±217,±83,±482,±224,±279,±79,±317,±135,±226,±89,±129,±307,±227,±74,±70,±142,±134,±63,±164,±395,±170,±121,±244,±255,±56,±122,±119,±42,±132,±55,±166,±68,±188,±150,±387,±56,±864,±139,±141,±449,±84,±70,±453,±180,±114,±120,±262,±173,±795,±526,±105,±206
            Some college or associate's degree,"±2,046",±77,±80,±209,±524,±266,±108,±7,±169,±137,±163,±73,±121,±55,±160,±79,±454,±344,±193,±72,±110,±67,±94,±360,±49,±134,±492,±87,±257,±154,±182,±65,±154,±60,±182,±182,±247,±40,±93,±51,±35,±62,±86,±284,±145,±128,±210,±126,±57,±111,±43,±48,±169,±90,±121,±84,±127,±165,±212,±45,±905,±113,±161,±336,±58,±71,±460,±112,±99,±89,±213,±121,±690,±343,±16,±54
            Bachelor's degree or higher,"±1,263",±13,±36,±91,±348,±99,±19,±6,±119,±18,±63,±24,±57,±33,±117,±72,±289,±217,±79,±50,±21,±11,±24,±207,±25,±71,±308,±19,±147,±33,±63,±66,±65,±77,±55,±45,±56,±27,±30,±12,±32,±34,±52,±131,±67,±92,±165,±54,±18,±47,±19,±37,±73,±6,±10,±28,±53,±66,±177,±22,±470,±36,±86,±203,±49,±11,±236,±22,±22,±41,±85,±43,±350,±153,±17,±38
    EMPLOYMENT STATUS,,,,,,,,,,,,,,,,,,,,,,,,,,,,,,,,,,,,,,,,,,,,,,,,,,,,,,,,,,,,,,,,,,,,,,,,,,,,
        Civilian noninstitutionalized population 19 to 64 years,"±5,626",±156,±327,±460,"±1,347",±473,±209,±164,±465,±198,±313,±182,±278,±155,±357,±277,±830,±611,±422,±278,±181,±209,±190,±978,±279,±208,±907,±312,±478,±281,±420,±250,±431,±194,±269,±462,±423,±109,±152,±172,±166,±148,±233,±621,±280,±244,±525,±340,±140,±199,±235,±89,±350,±163,±354,±161,±316,±275,±598,±125,"±1,952",±314,±442,±656,±125,±97,"±1,039",±331,±194,±226,±434,±286,"±1,389",±800,±115,±387
            In labor force,"±4,601",±137,±290,±372,"±1,132",±441,±178,±115,±346,±164,±217,±136,±217,±109,±234,±239,±761,±483,±358,±219,±128,±148,±146,±772,±201,±162,±829,±293,±375,±248,±340,±187,±333,±169,±243,±409,±311,±72,±127,±155,±113,±112,±183,±578,±223,±174,±346,±325,±129,±194,±227,±72,±289,±104,±249,±131,±290,±237,±469,±96,"±1,559",±206,±356,±574,±94,±72,±954,±263,±176,±170,±319,±272,"±1,232",±660,±80,±293
                Employed,"±4,211",±124,±273,±323,"±1,101",±339,±178,±105,±360,±143,±195,±111,±202,±109,±194,±209,±670,±443,±283,±209,±113,±145,±136,±767,±190,±147,±830,±270,±360,±251,±295,±183,±286,±139,±179,±289,±310,±70,±109,±114,±110,±101,±174,±551,±223,±161,±302,±292,±123,±157,±235,±72,±249,±86,±197,±126,±276,±178,±445,±87,"±1,526",±201,±316,±550,±90,±69,±872,±248,±162,±170,±300,±262,"±1,081",±645,±71,±284
                Unemployed,"±1,406",±77,±66,±170,±142,±233,±52,±38,±65,±81,±60,±82,±76,±3,±141,±104,±268,±301,±238,±58,±52,±25,±45,±196,±54,±51,±346,±57,±192,±66,±165,±21,±101,±84,±138,±267,±24,±18,±60,±87,±5,±56,±52,±143,±78,±100,±144,±177,±28,±83,±33,±17,±118,±40,±144,±25,±122,±172,±99,±36,±522,±68,±115,±201,±32,±21,±264,±54,±51,±87,±83,±61,±524,±83,±29,±66
            Not in labor force,"±2,079",±63,±158,±200,±638,±236,±114,±66,±228,±135,±237,±80,±130,±82,±272,±93,±408,±330,±182,±117,±79,±123,±100,±490,±175,±124,±336,±66,±256,±128,±197,±125,±204,±65,±93,±260,±245,±80,±98,±74,±102,±82,±149,±258,±149,±154,±361,±217,±70,±70,±57,±37,±178,±102,±256,±95,±128,±132,±342,±66,±849,±204,±178,±325,±72,±73,±390,±164,±95,±102,±339,±120,±708,±446,±54,±178
    WORK EXPERIENCE,,,,,,,,,,,,,,,,,,,,,,,,,,,,,,,,,,,,,,,,,,,,,,,,,,,,,,,,,,,,,,,,,,,,,,,,,,,,
        Civilian noninstitutionalized population 19 to 64 years,"±5,626",±156,±327,±460,"±1,347",±473,±209,±164,±465,±198,±313,±182,±278,±155,±357,±277,±830,±611,±422,±278,±181,±209,±190,±978,±279,±208,±907,±312,±478,±281,±420,±250,±431,±194,±269,±462,±423,±109,±152,±172,±166,±148,±233,±621,±280,±244,±525,±340,±140,±199,±235,±89,±350,±163,±354,±161,±316,±275,±598,±125,"±1,952",±314,±442,±656,±125,±97,"±1,039",±331,±194,±226,±434,±286,"±1,389",±800,±115,±387
"            Worked full-time, year round in the past 12 months","±3,355",±106,±195,±280,"±1,001",±265,±177,±61,±317,±126,±164,±101,±188,±100,±163,±135,±590,±372,±216,±196,±105,±105,±103,±627,±168,±109,±734,±196,±323,±204,±304,±171,±242,±108,±141,±227,±289,±58,±102,±92,±61,±76,±117,±419,±119,±134,±255,±256,±108,±109,±183,±52,±232,±64,±191,±110,±215,±144,±357,±54,"±1,122",±166,±306,±511,±75,±43,±586,±195,±138,±90,±239,±229,±907,±574,±56,±275
"            Worked less than full-time, year round in the past 12 months","±2,673",±105,±182,±211,±564,±313,±93,±138,±204,±104,±212,±96,±204,±68,±168,±151,±462,±499,±260,±85,±67,±144,±145,±367,±156,±124,±502,±164,±266,±184,±151,±90,±253,±70,±211,±242,±143,±65,±106,±127,±90,±77,±151,±311,±213,±160,±234,±213,±69,±105,±116,±77,±154,±90,±162,±77,±188,±165,±330,±73,"±1,091",±190,±144,±258,±66,±58,±676,±206,±109,±164,±168,±161,±713,±576,±40,±116
            Did not work,"±2,105",±64,±139,±229,±620,±259,±121,±35,±222,±140,±146,±68,±106,±61,±273,±129,±359,±311,±234,±125,±70,±99,±61,±478,±123,±113,±309,±77,±213,±100,±213,±127,±193,±95,±95,±307,±244,±81,±82,±36,±102,±75,±127,±235,±115,±108,±357,±239,±65,±89,±42,±23,±157,±101,±247,±88,±122,±178,±320,±77,±867,±196,±184,±311,±71,±74,±351,±168,±94,±120,±344,±131,±727,±286,±65,±149
    HOUSEHOLD INCOME (IN 2020 INFLATION-ADJUSTED DOLLARS),,,,,,,,,,,,,,,,,,,,,,,,,,,,,,,,,,,,,,,,,,,,,,,,,,,,,,,,,,,,,,,,,,,,,,,,,,,,
        Total household population,"±6,306",±173,±331,±485,"±1,632",±535,±251,±183,±692,±189,±331,±171,±323,±155,±375,±289,±995,±670,±473,±285,±205,±256,±213,"±1,143",±289,±451,"±1,078",±333,±560,±393,±439,±456,±496,±209,±292,±520,±429,±137,±176,±184,±212,±169,±259,±768,±330,±253,±561,±395,±163,±223,±244,±132,±413,±162,±400,±161,±428,±289,±740,±146,"±2,176",±321,±491,±842,±205,±106,"±1,343",±360,±200,±280,±439,±309,"±1,907",±933,±123,±383
"            Under $25,000","±2,623",±105,±162,±205,±720,±215,±87,±26,±252,±132,±203,±51,±164,±9,±271,±98,±651,±347,±254,±204,±42,±82,±108,±576,±106,±107,±569,±119,±353,±204,±180,±112,±234,±63,±130,±383,±273,±47,±114,±114,±171,±112,±90,±246,±186,±154,±313,±242,±61,±136,±85,±43,±139,±112,±282,±133,±179,±136,±269,±74,"±1,082",±311,±187,±400,±121,±73,±658,±215,±121,±98,±329,±170,±906,±463,±89,±168
"            $25,000 to $49,999","±3,660",±131,±255,±360,±986,±351,±138,±34,±383,±146,±151,±143,±200,±142,±216,±223,±634,±546,±337,±163,±174,±97,±165,±672,±241,±138,±702,±107,±334,±217,±288,±230,±310,±149,±237,±264,±199,±127,±128,±102,±75,±103,±210,±365,±154,±148,±271,±283,±55,±176,±128,±112,±219,±75,±193,±130,±212,±225,±655,±62,"±1,249",±129,±405,±522,±108,±73,±836,±256,±142,±154,±249,±165,"±1,328",±685,±50,±223
"            $50,000 to $74,999","±2,952",±101,±184,±224,±919,±233,±159,±76,±499,±136,±213,±76,±221,±47,±190,±122,±600,±390,±212,±169,±46,±287,±105,±476,±118,±377,±856,±87,±349,±206,±273,±183,±240,±116,±74,±162,±149,±46,±98,±103,±82,±64,±128,±290,±143,±96,±286,±284,±106,±91,±97,±43,±149,±32,±209,±75,±365,±124,±293,±102,±958,±162,±187,±430,±146,±66,±858,±248,±103,±148,±186,±100,"±1,109",±533,±31,±172
"            $75,000 to $99,999","±1,791",±34,±90,±174,±662,±181,±82,±95,±149,±48,±92,±36,±172,±17,±101,±47,±193,±277,±162,±36,±46,±25,±54,±289,±19,±102,±339,±88,±126,±210,±148,±77,±280,±27,±65,±123,±27,±59,±98,±42,±69,±11,±43,±457,±175,±102,±168,±74,±19,±48,±146,±17,±201,±104,±42,±65,±102,±67,±162,±24,±954,±87,±84,±348,±22,±13,±296,±183,±57,±49,±345,±118,±853,±391,±43,±201
"            $100,000 and over","±2,712",±49,±50,±99,"±1,091",±180,±101,±125,±210,±50,±81,±71,±94,±54,±63,±59,±455,±317,±78,±78,±78,±52,±34,±422,±45,±273,±337,±242,±122,±117,±138,±327,±202,±56,±88,±166,±227,±17,±69,±63,±10,±70,±69,±457,±201,±51,±217,±204,±90,±70,±18,±71,±60,±51,±61,±110,±87,±53,±238,±50,"±1,086",±69,±121,±428,±60,±17,±421,±123,±11,±170,±105,±178,±917,±300,±28,±71
    RATIO OF INCOME TO POVERTY LEVEL IN THE PAST 12 MONTHS,,,,,,,,,,,,,,,,,,,,,,,,,,,,,,,,,,,,,,,,,,,,,,,,,,,,,,,,,,,,,,,,,,,,,,,,,,,,
        Civilian noninstitutionalized population for whom poverty status is determined,"±6,307",±174,±331,±486,"±1,632",±535,±257,±183,±695,±195,±331,±171,±323,±155,±377,±295,±999,±670,±471,±285,±201,±255,±213,"±1,140",±290,±451,"±1,082",±317,±562,±393,±439,±456,±492,±209,±291,±527,±429,±137,±176,±184,±212,±169,±276,±768,±330,±253,±562,±393,±163,±223,±244,±132,±413,±169,±400,±161,±423,±289,±739,±146,"±2,181",±321,±493,±836,±205,±106,"±1,340",±360,±197,±280,±440,±309,"±1,908",±933,±123,±383
            Below 138 percent of the poverty threshold,"±3,863",±120,±268,±187,±977,±386,±130,±50,±317,±144,±197,±78,±188,±62,±307,±181,±755,±458,±330,±223,±127,±132,±163,±897,±214,±402,±738,±133,±386,±301,±289,±137,±375,±105,±149,±407,±286,±107,±119,±112,±170,±144,±156,±265,±181,±168,±319,±325,±74,±135,±73,±49,±213,±108,±326,±83,±182,±171,±488,±90,"±1,255",±313,±406,±532,±143,±83,±841,±255,±141,±164,±342,±159,"±1,441",±524,±88,±175
            138 to 399 percent of the poverty threshold,"±4,046",±145,±217,±416,"±1,342",±459,±233,±122,±583,±159,±274,±140,±258,±102,±250,±229,±832,±541,±372,±218,±112,±245,±151,±726,±205,±185,±895,±139,±461,±262,±347,±337,±407,±164,±235,±343,±210,±96,±159,±145,±140,±89,±214,±615,±252,±170,±359,±274,±100,±181,±239,±111,±328,±125,±225,±150,±382,±221,±544,±96,"±1,454",±173,±267,±584,±162,±95,±870,±323,±132,±156,±360,±218,"±1,536",±830,±65,±311
            At or above 400 percent of the poverty threshold,"±2,365",±66,±84,±69,±862,±137,±114,±93,±203,±50,±103,±20,±153,±54,±73,±43,±399,±190,±115,±74,±81,±55,±55,±381,±44,±271,±325,±179,±190,±197,±133,±273,±184,±66,±79,±169,±198,±47,±76,±59,±17,±68,±76,±441,±189,±71,±276,±175,±87,±81,±40,±71,±45,±49,±62,±41,±96,±68,±244,±52,±974,±113,±113,±554,±25,±8,±397,±110,±55,±148,±120,±178,±819,±291,±41,±71
            Below 100 percent of the poverty threshold,"±3,076",±98,±107,±164,±794,±316,±80,±44,±304,±146,±174,±70,±160,±54,±300,±102,±692,±334,±247,±210,±40,±125,±89,±621,±149,±160,±594,±120,±307,±286,±212,±108,±248,±69,±125,±366,±243,±60,±112,±106,±165,±102,±122,±256,±139,±165,±302,±287,±63,±137,±70,±40,±138,±108,±282,±135,±170,±135,±208,±80,±947,±315,±400,±388,±116,±71,±663,±259,±124,±160,±334,±171,"±1,183",±410,±70,±150
