Label (Grouping),Arkansas!!Insured!!Margin of Error,"Arkansas County, Arkansas!!Insured!!Margin of Error","Ashley County, Arkansas!!Insured!!Margin of Error","Baxter County, Arkansas!!Insured!!Margin of Error","Benton County, Arkansas!!Insured!!Margin of Error","Boone County, Arkansas!!Insured!!Margin of Error","Bradley County, Arkansas!!Insured!!Margin of Error","Calhoun County, Arkansas!!Insured!!Margin of Error","Carroll County, Arkansas!!Insured!!Margin of Error","Chicot County, Arkansas!!Insured!!Margin of Error","Clark County, Arkansas!!Insured!!Margin of Error","Clay County, Arkansas!!Insured!!Margin of Error","Cleburne County, Arkansas!!Insured!!Margin of Error","Cleveland County, Arkansas!!Insured!!Margin of Error","Columbia County, Arkansas!!Insured!!Margin of Error","Conway County, Arkansas!!Insured!!Margin of Error","Craighead County, Arkansas!!Insured!!Margin of Error","Crawford County, Arkansas!!Insured!!Margin of Error","Crittenden County, Arkansas!!Insured!!Margin of Error","Cross County, Arkansas!!Insured!!Margin of Error","Dallas County, Arkansas!!Insured!!Margin of Error","Desha County, Arkansas!!Insured!!Margin of Error","Drew County, Arkansas!!Insured!!Margin of Error","Faulkner County, Arkansas!!Insured!!Margin of Error","Franklin County, Arkansas!!Insured!!Margin of Error","Fulton County, Arkansas!!Insured!!Margin of Error","Garland County, Arkansas!!Insured!!Margin of Error","Grant County, Arkansas!!Insured!!Margin of Error","Greene County, Arkansas!!Insured!!Margin of Error","Hempstead County, Arkansas!!Insured!!Margin of Error","Hot Spring County, Arkansas!!Insured!!Margin of Error","Howard County, Arkansas!!Insured!!Margin of Error","Independence County, Arkansas!!Insured!!Margin of Error","Izard County, Arkansas!!Insured!!Margin of Error","Jackson County, Arkansas!!Insured!!Margin of Error","Jefferson County, Arkansas!!Insured!!Margin of Error","Johnson County, Arkansas!!Insured!!Margin of Error","Lafayette County, Arkansas!!Insured!!Margin of Error","Lawrence County, Arkansas!!Insured!!Margin of Error","Lee County, Arkansas!!Insured!!Margin of Error","Lincoln County, Arkansas!!Insured!!Margin of Error","Little River County, Arkansas!!Insured!!Margin of Error","Logan County, Arkansas!!Insured!!Margin of Error","Lonoke County, Arkansas!!Insured!!Margin of Error","Madison County, Arkansas!!Insured!!Margin of Error","Marion County, Arkansas!!Insured!!Margin of Error","Miller County, Arkansas!!Insured!!Margin of Error","Mississippi County, Arkansas!!Insured!!Margin of Error","Monroe County, Arkansas!!Insured!!Margin of Error","Montgomery County, Arkansas!!Insured!!Margin of Error","Nevada County, Arkansas!!Insured!!Margin of Error","Newton County, Arkansas!!Insured!!Margin of Error","Ouachita County, Arkansas!!Insured!!Margin of Error","Perry County, Arkansas!!Insured!!Margin of Error","Phillips County, Arkansas!!Insured!!Margin of Error","Pike County, Arkansas!!Insured!!Margin of Error","Poinsett County, Arkansas!!Insured!!Margin of Error","Polk County, Arkansas!!Insured!!Margin of Error","Pope County, Arkansas!!Insured!!Margin of Error","Prairie County, Arkansas!!Insured!!Margin of Error","Pulaski County, Arkansas!!Insured!!Margin of Error","Randolph County, Arkansas!!Insured!!Margin of Error","St. Francis County, Arkansas!!Insured!!Margin of Error","Saline County, Arkansas!!Insured!!Margin of Error","Scott County, Arkansas!!Insured!!Margin of Error","Searcy County, Arkansas!!Insured!!Margin of Error","Sebastian County, Arkansas!!Insured!!Margin of Error","Sevier County, Arkansas!!Insured!!Margin of Error","Sharp County, Arkansas!!Insured!!Margin of Error","Stone County, Arkansas!!Insured!!Margin of Error","Union County, Arkansas!!Insured!!Margin of Error","Van Buren County, Arkansas!!Insured!!Margin of Error","Washington County, Arkansas!!Insured!!Margin of Error","White County, Arkansas!!Insured!!Margin of Error","Woodruff County, Arkansas!!Insured!!Margin of Error","Yell County, Arkansas!!Insured!!Margin of Error"
Civilian noninstitutionalized population,"±6,365",±191,±331,±480,"±1,694",±573,±275,±188,±688,±206,±368,±177,±355,±174,±383,±311,"±1,047",±699,±490,±325,±225,±254,±255,"±1,196",±308,±465,"±1,068",±334,±554,±386,±449,±476,±524,±412,±393,±847,±424,±141,±201,±220,±571,±190,±325,±815,±332,±273,±593,±442,±181,±248,±263,±174,±438,±184,±423,±173,±422,±304,±781,±155,"±2,349",±353,±499,±889,±225,±138,"±1,434",±372,±235,±317,±450,±324,"±1,904",±989,±169,±383
    AGE,,,,,,,,,,,,,,,,,,,,,,,,,,,,,,,,,,,,,,,,,,,,,,,,,,,,,,,,,,,,,,,,,,,,,,,,,,,,
        Under 6 years,"±1,459",±140,±148,±185,±533,±181,±40,±38,±166,±71,±86,±83,±121,±119,±119,±78,±369,±308,±250,±122,±28,±116,±102,±279,±125,±91,±262,±140,±234,±143,±168,±108,±256,±108,±96,±250,±160,±74,±84,±87,±102,±101,±107,±235,±125,±76,±148,±232,±94,±67,±49,±72,±109,±56,±88,±81,±98,±78,±263,±51,±719,±86,±133,±350,±95,±63,±436,±150,±69,±50,±140,±87,±642,±275,±34,±146
        6 to 18 years,"±2,364",±185,±200,±201,±720,±256,±114,±100,±321,±118,±182,±108,±136,±168,±211,±132,±427,±405,±234,±154,±150,±190,±239,±437,±204,±242,±476,±146,±252,±269,±259,±251,±294,±110,±159,±303,±275,±61,±117,±88,±111,±99,±122,±384,±172,±95,±213,±327,±93,±83,±81,±151,±198,±93,±183,±86,±209,±127,±408,±81,"±1,018",±161,±174,±468,±178,±77,±645,±204,±115,±168,±263,±134,±978,±473,±72,±173
        19 to 25 years,"±2,466",±150,±204,±239,±793,±208,±111,±110,±174,±129,±229,±149,±137,±106,±327,±166,±514,±388,±266,±135,±117,±160,±207,±659,±160,±105,±468,±187,±319,±194,±243,±134,±280,±98,±210,±293,±230,±88,±116,±133,±93,±182,±167,±324,±115,±100,±283,±470,±103,±78,±182,±109,±255,±82,±232,±95,±188,±132,±528,±63,"±1,132",±122,±253,±478,±107,±77,±664,±224,±91,±112,±263,±148,±755,±414,±80,±155
        26 to 34 years,"±2,953",±192,±179,±242,±847,±234,±161,±154,±238,±141,±206,±110,±182,±135,±205,±207,±520,±478,±239,±182,±171,±162,±214,±511,±115,±121,±485,±139,±314,±236,±321,±157,±233,±119,±247,±318,±239,±111,±111,±148,±152,±153,±200,±397,±220,±144,±262,±424,±124,±63,±124,±85,±204,±95,±203,±106,±233,±204,±455,±101,±997,±186,±239,±496,±183,±96,±581,±228,±111,±89,±271,±130,±866,±446,±74,±202
        35 to 44 years,"±2,315",±126,±197,±164,±621,±235,±170,±142,±295,±156,±180,±88,±150,±85,±176,±144,±530,±382,±211,±236,±163,±97,±122,±396,±79,±110,±411,±218,±320,±186,±241,±198,±171,±182,±189,±342,±199,±72,±63,±165,±140,±188,±172,±354,±130,±125,±226,±193,±126,±105,±107,±34,±142,±115,±171,±87,±205,±125,±261,±48,±762,±119,±306,±427,±94,±54,±577,±181,±113,±138,±193,±126,±682,±328,±65,±246
        45 to 54 years,"±2,049",±119,±132,±270,±622,±253,±101,±110,±190,±79,±137,±89,±113,±90,±110,±114,±321,±303,±144,±122,±106,±78,±89,±393,±178,±81,±409,±135,±220,±221,±178,±143,±206,±118,±151,±227,±148,±54,±80,±148,±303,±106,±88,±312,±180,±120,±201,±140,±116,±98,±124,±83,±111,±54,±179,±72,±110,±102,±334,±57,±685,±92,±148,±297,±115,±62,±391,±163,±101,±61,±178,±154,±713,±490,±77,±194
        55 to 64 years,"±1,224",±87,±130,±175,±404,±104,±55,±61,±197,±77,±92,±54,±153,±67,±103,±108,±206,±239,±176,±72,±60,±31,±53,±336,±135,±79,±306,±107,±143,±116,±164,±50,±196,±99,±84,±224,±175,±72,±64,±74,±116,±61,±127,±180,±128,±142,±213,±135,±36,±78,±53,±49,±122,±49,±115,±93,±99,±115,±198,±70,±545,±119,±82,±259,±112,±47,±334,±182,±70,±134,±164,±68,±376,±321,±50,±109
        65 to 74 years,±876,±105,±67,±73,±318,±99,±67,±43,±91,±42,±75,±27,±60,±50,±59,±73,±179,±113,±65,±25,±59,±7,±105,±142,±128,±25,±146,±42,±56,±99,±117,±94,±106,±39,±81,±123,±90,±4,±49,±43,±85,±113,±79,±113,±73,±49,±127,±80,±68,±42,±101,±49,±76,±36,±57,±46,±52,±54,±154,±45,±272,±69,±97,±162,±180,±48,±221,±104,±96,±19,±90,±16,±222,±160,±35,±72
        75 years and older,±859,±112,±64,±84,±267,±102,±84,±74,±94,±35,±102,±42,±139,±58,±82,±56,±221,±154,±92,±112,±90,±36,±94,±166,±122,±107,±327,±54,±119,±47,±127,±104,±138,±72,±70,±153,±71,±23,±77,±45,±75,±110,±105,±108,±48,±71,±118,±117,±58,±105,±149,±66,±98,±48,±44,±41,±70,±91,±160,±59,±300,±126,±54,±215,±83,±84,±224,±74,±103,±74,±102,±81,±239,±152,±111,±92
        Under 19 years,"±2,482",±148,±149,±153,±773,±207,±103,±97,±385,±84,±185,±77,±102,±124,±193,±108,±439,±280,±229,±147,±155,±148,±204,±396,±190,±303,±472,±125,±219,±261,±234,±297,±229,±160,±166,±268,±227,±90,±107,±99,±105,±75,±89,±339,±149,±84,±182,±256,±60,±92,±67,±131,±149,±113,±176,±57,±205,±95,±355,±73,±902,±135,±177,±384,±180,±70,±724,±202,±84,±164,±243,±119,"±1,045",±432,±59,±110
        19 to 64 years,"±5,617",±193,±312,±437,"±1,349",±500,±219,±190,±468,±236,±337,±187,±309,±182,±384,±288,±884,±670,±435,±269,±175,±204,±266,"±1,015",±265,±214,±954,±323,±491,±345,±481,±239,±430,±339,±372,±779,±430,±110,±179,±198,±577,±166,±258,±680,±262,±261,±569,±390,±167,±227,±237,±157,±383,±179,±368,±165,±323,±278,±629,±149,"±1,990",±335,±444,±765,±249,±118,"±1,101",±400,±207,±246,±477,±298,"±1,405",±877,±130,±404
        65 years and older,±868,±81,±55,±80,±354,±138,±70,±57,±142,±37,±106,±49,±160,±73,±115,±81,±220,±200,±112,±124,±86,±37,±117,±200,±167,±106,±300,±67,±104,±114,±136,±130,±188,±86,±62,±187,±121,±23,±104,±65,±87,±112,±137,±146,±98,±104,±141,±156,±70,±113,±97,±91,±111,±58,±87,±73,±87,±123,±214,±60,±375,±169,±118,±249,±199,±83,±237,±127,±118,±79,±136,±78,±260,±220,±106,±122
    SEX,,,,,,,,,,,,,,,,,,,,,,,,,,,,,,,,,,,,,,,,,,,,,,,,,,,,,,,,,,,,,,,,,,,,,,,,,,,,
        Male,"±4,172",±164,±301,±292,"±1,054",±342,±229,±138,±448,±188,±212,±141,±264,±132,±256,±242,±743,±476,±287,±199,±148,±176,±171,±791,±244,±269,±617,±316,±420,±312,±309,±316,±348,±336,±263,±723,±242,±124,±133,±200,±551,±205,±202,±498,±269,±166,±478,±381,±145,±153,±248,±149,±399,±129,±340,±138,±314,±196,±547,±144,"±1,666",±281,±442,±679,±184,±141,±924,±269,±200,±194,±304,±244,"±1,311",±725,±103,±280
        Female,"±3,194",±132,±272,±304,±933,±422,±197,±128,±372,±144,±272,±114,±203,±146,±262,±209,±644,±509,±331,±216,±171,±227,±194,±624,±224,±269,±688,±245,±360,±297,±275,±248,±321,±161,±263,±453,±320,±88,±172,±128,±164,±202,±240,±565,±220,±197,±356,±269,±102,±172,±167,±126,±394,±122,±223,±149,±217,±236,±510,±105,"±1,164",±182,±226,±533,±193,±112,±874,±230,±161,±185,±319,±168,±942,±523,±110,±213
    RACE AND HISPANIC OR LATINO ORIGIN,,,,,,,,,,,,,,,,,,,,,,,,,,,,,,,,,,,,,,,,,,,,,,,,,,,,,,,,,,,,,,,,,,,,,,,,,,,,
        White alone,"±5,928",±190,±250,±582,"±2,848",±576,±239,±156,±670,±148,±294,±218,±371,±119,±272,±292,"±1,134",±746,±324,±291,±190,±156,±219,"±1,069",±372,±475,"±1,015",±331,±694,±280,±458,±374,±554,±344,±337,±628,±460,±105,±308,±177,±394,±205,±443,±859,±347,±256,±585,±400,±136,±231,±160,±186,±356,±203,±261,±229,±414,±336,±870,±140,"±1,720",±368,±247,±789,±275,±189,"±1,215",±323,±363,±315,±441,±347,"±1,982",±946,±128,±507
        Black or African American alone,"±2,733",±171,±259,±28,±350,±16,±191,±62,±169,±169,±240,±20,±115,±129,±290,±143,±683,±202,±689,±266,±195,±257,±227,±617,±50,±36,±488,±96,±160,±218,±200,±154,±213,±19,±242,±635,±80,±109,±58,±182,±275,±154,±75,±379,±3,±87,±344,±364,±151,±17,±224,±17,±318,±69,±316,±62,±206,±50,±342,±81,"±1,804",±51,±271,±527,±141,±38,±492,±157,±65,±4,±327,±66,±667,±326,±85,±110
        American Indian and Alaska Native alone,±999,±18,±5,±78,±398,±207,±200,±17,±121,±19,±30,±48,±70,±31,±44,±40,±145,±248,±88,±46,±17,±43,±19,±186,±134,±76,±189,±25,±49,±86,±46,±37,±63,±111,±19,±78,±41,±23,±29,±26,±22,±53,±56,±107,±126,±118,±195,±17,±22,±62,±27,±122,±23,±21,±13,±42,±20,±110,±159,±17,±331,±74,±43,±138,±35,±95,±259,±86,±28,±35,±135,±81,±411,±144,±17,±65
        Asian alone,"±1,200",±16,±36,±80,±423,±169,±11,±17,±61,±15,±31,±8,±58,±17,±93,±57,±188,±121,±55,±7,±17,±48,±9,±277,±83,±25,±120,±19,±69,±34,±40,±70,±82,±19,±19,±71,±200,±21,±10,±11,±19,±69,±124,±186,±61,±26,±118,±153,±22,±42,±9,±13,±14,±14,±19,±23,±15,±19,±104,±19,±582,±29,±34,±176,±105,±20,±393,±106,±7,±54,±81,±14,±495,±82,±17,±59
        Native Hawaiian and Other Pacific Islander alone,±916,±19,±122,±21,±292,±26,±19,±20,±187,±19,±17,±19,±23,±17,±23,±23,±29,±24,±35,±19,±17,±19,±19,±234,±38,±37,±68,±26,±26,±94,±26,±26,±26,±19,±11,±264,±36,±17,±2,±17,±19,±19,±23,±118,±32,±19,±49,±33,±17,±17,±2,±54,±23,±19,±19,±19,±23,±31,±29,±17,±137,±82,±42,±138,±19,±17,±32,±106,±19,±19,±26,±22,±703,±29,±17,±23
        Some other race alone,"±3,246",±55,±150,±176,"±1,609",±108,±51,±16,±228,±64,±137,±113,±10,±17,±88,±5,±393,±396,±60,±13,±17,±110,±59,±428,±88,±6,±354,±77,±114,±257,±156,±232,±215,±27,±31,±186,±330,±79,±40,±30,±83,±122,±84,±305,±128,±17,±243,±168,±50,±38,±17,±55,±47,±90,±66,±83,±96,±148,±436,±31,±942,±78,±271,±431,±216,±17,±972,±362,±30,±103,±159,±99,"±1,727",±243,±17,±408
        Two or more races,"±3,472",±155,±155,±307,"±1,821",±195,±135,±95,±247,±71,±116,±95,±165,±116,±127,±160,±769,±385,±553,±293,±64,±99,±175,±561,±188,±132,±519,±121,±478,±211,±192,±95,±321,±215,±274,±449,±383,±61,±264,±43,±74,±128,±427,±445,±182,±123,±270,±246,±87,±60,±86,±136,±121,±94,±116,±124,±314,±158,±435,±60,"±1,533",±173,±221,±640,±155,±173,±778,±177,±263,±188,±156,±167,"±1,560",±420,±43,±156
        Hispanic or Latino (of any race),"±2,617",±57,±109,±97,±948,±66,±147,±89,±348,±58,±75,±36,±135,±17,±92,±134,±364,±429,±93,±127,±48,±122,±68,±391,±81,±43,±404,±33,±77,±242,±94,±233,±264,±58,±127,±180,±208,±66,±59,±46,±88,±59,±69,±234,±114,±2,±147,±146,±65,±41,±3,±59,±21,±52,±37,±47,±83,±85,±383,±27,"±1,036",±75,±314,±324,±107,±27,±723,±311,±50,±79,±154,±106,"±1,263",±306,±25,±222
"        White alone, not Hispanic or Latino","±4,896",±171,±193,±560,"±2,871",±540,±163,±156,±555,±124,±274,±185,±313,±119,±265,±262,"±1,055",±647,±295,±251,±185,±93,±206,"±1,044",±298,±474,±960,±314,±693,±243,±416,±333,±502,±317,±335,±584,±313,±96,±295,±173,±384,±170,±445,±764,±316,±255,±557,±356,±127,±235,±160,±185,±297,±168,±239,±207,±397,±319,±644,±127,"±1,327",±365,±237,±765,±188,±189,"±1,014",±207,±347,±299,±360,±344,"±1,580",±910,±131,±297
    LIVING ARRANGEMENTS,,,,,,,,,,,,,,,,,,,,,,,,,,,,,,,,,,,,,,,,,,,,,,,,,,,,,,,,,,,,,,,,,,,,,,,,,,,,
        In family households,"±7,883",±456,±465,±642,"±2,342",±793,±360,±200,±804,±251,±697,±326,±558,±229,±612,±453,"±1,444",±924,±846,±382,±304,±370,±581,"±1,622",±444,±502,"±1,347",±472,±814,±583,±581,±509,±667,±463,±487,"±1,100",±596,±216,±293,±266,±508,±331,±503,"±1,154",±493,±457,±884,±756,±254,±304,±312,±254,±571,±243,±635,±233,±512,±460,"±1,217",±234,"±3,047",±473,±505,"±1,439",±269,±247,"±2,070",±383,±431,±407,±699,±488,"±2,831","±1,354",±260,±500
            In married couple families,"±12,028",±669,±766,"±1,248","±3,689","±1,276",±478,±425,±890,±454,±734,±561,±749,±446,±852,±740,"±2,258","±1,737","±1,113",±639,±418,±644,±824,"±2,134",±787,±612,"±2,065",±746,"±1,399",±806,±954,±627,"±1,223",±528,±651,"±1,448",±837,±337,±583,±467,±601,±537,±737,"±1,718",±655,±610,"±1,357","±1,134",±381,±406,±502,±460,±920,±587,±791,±379,±766,±684,"±1,622",±422,"±4,623",±712,±905,"±2,305",±528,±421,"±2,444",±715,±780,±819,"±1,122",±747,"±3,584","±2,189",±376,±861
            In other families,"±9,640",±519,±649,"±1,151","±2,706",±862,±459,±376,±750,±361,±581,±472,±693,±396,±745,±706,"±1,811","±1,382","±1,052",±658,±322,±488,±651,"±1,901",±629,±425,"±1,861",±701,"±1,311",±627,±853,±682,±965,±425,±527,"±1,474",±589,±293,±570,±390,±281,±503,±603,"±1,475",±500,±507,"±1,079","±1,027",±317,±305,±489,±407,±816,±593,±693,±328,±643,±592,"±1,479",±379,"±4,019",±555,±902,"±1,993",±416,±293,"±1,887",±666,±734,±760,±906,±565,"±2,532","±1,750",±278,±828
"                Male reference person, no spouse present","±5,215",±472,±169,±580,"±1,462",±433,±342,±204,±347,±307,±394,±310,±382,±235,±564,±270,"±1,060",±895,±436,±271,±178,±224,±405,"±1,035",±309,±277,"±1,468",±405,±789,±503,±455,±323,±601,±305,±229,±918,±385,±117,±278,±148,±236,±156,±451,±846,±260,±263,±718,±719,±151,±207,±178,±134,±501,±346,±327,±192,±325,±389,±662,±188,"±1,918",±310,±390,±975,±186,±163,"±1,222",±283,±381,±629,±599,±269,"±1,667",±872,±103,±384
"                Female reference person, no spouse present","±8,774",±466,±607,"±1,031","±2,438",±750,±341,±284,±703,±476,±444,±376,±610,±321,±803,±648,"±1,597","±1,162",±982,±619,±299,±430,±607,"±1,594",±558,±354,"±1,626",±598,"±1,234",±619,±715,±612,±869,±381,±519,"±1,237",±561,±253,±448,±364,±225,±472,±505,"±1,269",±422,±381,±894,±977,±312,±228,±435,±379,±710,±425,±622,±266,±608,±459,"±1,355",±291,"±3,788",±532,±839,"±2,039",±382,±252,"±1,649",±624,±617,±572,±825,±519,"±2,418","±1,504",±254,±729
        In non-family households and other living arrangements,"±5,229",±434,±321,±569,"±1,753",±580,±246,±125,±434,±215,±641,±299,±488,±162,±484,±346,"±1,190",±698,±735,±326,±195,±312,±549,"±1,176",±393,±284,"±1,100",±343,±709,±449,±490,±220,±570,±283,±312,±946,±357,±157,±251,±209,±244,±344,±381,±742,±333,±455,±771,±596,±220,±170,±196,±176,±420,±181,±428,±177,±384,±459,"±1,026",±155,"±2,261",±352,±432,"±1,296",±195,±185,"±1,392",±276,±361,±359,±536,±334,"±2,224",±983,±206,±371
    NATIVITY AND U.S. CITIZENSHIP STATUS,,,,,,,,,,,,,,,,,,,,,,,,,,,,,,,,,,,,,,,,,,,,,,,,,,,,,,,,,,,,,,,,,,,,,,,,,,,,
        Native born,"±6,134",±207,±297,±531,"±2,117",±589,±244,±174,±617,±197,±379,±195,±373,±174,±405,±323,"±1,123",±706,±499,±390,±225,±227,±251,"±1,311",±326,±464,"±1,030",±371,±562,±374,±434,±463,±555,±409,±400,±898,±413,±134,±213,±250,±563,±197,±335,±827,±334,±274,±630,±489,±187,±241,±264,±176,±431,±187,±436,±175,±411,±322,±860,±157,"±2,324",±378,±425,±984,±241,±140,"±1,442",±339,±246,±322,±509,±317,"±1,748",±939,±167,±386
        Foreign born,"±3,111",±65,±155,±173,"±1,354",±195,±160,±38,±274,±75,±110,±82,±72,±23,±136,±85,±449,±407,±171,±100,±17,±95,±57,±631,±63,±65,±335,±107,±100,±190,±128,±161,±174,±63,±56,±300,±257,±51,±58,±86,±59,±33,±100,±335,±127,±110,±248,±153,±25,±50,±2,±16,±108,±37,±84,±68,±68,±138,±487,±11,"±1,101",±189,±191,±339,±131,±31,±571,±271,±51,±64,±252,±61,"±1,289",±277,±10,±232
            Naturalized,"±1,926",±47,±66,±147,"±1,120",±134,±101,±37,±235,±59,±59,±32,±31,±22,±99,±74,±375,±219,±102,±15,±17,±45,±29,±288,±45,±74,±275,±57,±60,±100,±82,±152,±123,±9,±33,±255,±196,±25,±29,±17,±34,±33,±82,±282,±76,±99,±127,±60,±22,±24,±17,±6,±64,±28,±84,±33,±71,±76,±289,±11,±725,±180,±39,±266,±107,±21,±420,±151,±37,±65,±193,±30,±738,±154,±17,±193
            Not a citizen,"±2,577",±63,±103,±117,"±1,011",±135,±159,±9,±195,±27,±88,±59,±65,±5,±94,±58,±434,±323,±135,±100,±17,±85,±47,±634,±44,±25,±266,±92,±98,±139,±69,±87,±158,±64,±46,±104,±233,±37,±48,±86,±40,±19,±59,±164,±95,±55,±197,±165,±9,±43,±2,±16,±84,±23,±19,±67,±52,±114,±436,±17,±965,±53,±181,±314,±84,±20,±579,±221,±31,±18,±137,±47,±965,±253,±10,±176
    DISABILITY STATUS,,,,,,,,,,,,,,,,,,,,,,,,,,,,,,,,,,,,,,,,,,,,,,,,,,,,,,,,,,,,,,,,,,,,,,,,,,,,
        With a disability,"±5,079",±296,±409,±926,"±1,216",±712,±269,±216,±455,±258,±379,±292,±445,±201,±506,±528,"±1,085",±818,±582,±325,±236,±215,±344,"±1,197",±422,±384,"±1,067",±360,±692,±439,±632,±406,±577,±279,±255,±878,±537,±187,±313,±260,±236,±329,±413,±806,±523,±435,±723,±459,±221,±270,±227,±332,±580,±257,±437,±225,±440,±356,±858,±227,"±1,990",±357,±409,"±1,148",±276,±229,"±1,266",±290,±430,±362,±666,±417,"±1,121",±927,±146,±351
        No disability,"±7,949",±359,±526,±925,"±1,866",±904,±359,±234,±763,±276,±526,±337,±513,±221,±580,±513,"±1,448","±1,099",±726,±397,±295,±337,±433,"±1,630",±501,±605,"±1,332",±414,±865,±552,±739,±518,±719,±437,±460,±886,±621,±242,±351,±322,±483,±359,±476,"±1,260",±568,±490,±855,±614,±239,±356,±359,±341,±618,±338,±577,±261,±597,±435,±979,±264,"±3,113",±485,±622,"±1,351",±336,±279,"±2,024",±423,±430,±460,±773,±549,"±2,263","±1,149",±203,±508
    EDUCATIONAL ATTAINMENT,,,,,,,,,,,,,,,,,,,,,,,,,,,,,,,,,,,,,,,,,,,,,,,,,,,,,,,,,,,,,,,,,,,,,,,,,,,,
        Civilian noninstitutionalized population 26 years and over,"±5,114",±203,±312,±391,"±1,263",±464,±238,±169,±417,±228,±312,±155,±321,±176,±306,±316,±908,±571,±392,±314,±200,±198,±244,±899,±282,±209,±994,±302,±426,±275,±443,±266,±444,±358,±362,±685,±384,±139,±194,±233,±527,±180,±317,±640,±274,±268,±505,±504,±156,±226,±210,±163,±332,±176,±355,±180,±278,±256,±637,±143,"±1,807",±322,±462,±776,±227,±146,"±1,152",±335,±218,±257,±426,±261,"±1,218",±810,±180,±403
            Less than high school graduate,"±3,616",±231,±292,±471,"±1,006",±365,±161,±121,±393,±189,±243,±220,±301,±139,±306,±314,±591,±683,±416,±284,±107,±206,±239,±646,±249,±255,±821,±219,±409,±301,±395,±200,±416,±200,±190,±431,±362,±176,±243,±142,±212,±195,±250,±474,±289,±266,±488,±425,±150,±180,±150,±149,±307,±150,±284,±129,±328,±260,±510,±127,"±1,238",±298,±375,±652,±285,±160,"±1,051",±269,±236,±398,±383,±369,"±1,081",±565,±145,±351
            High school graduate (includes equivalency),"±5,888",±413,±343,±537,"±1,475",±626,±265,±197,±483,±237,±314,±286,±525,±261,±503,±432,"±1,190",±776,±565,±367,±244,±238,±377,"±1,105",±379,±340,"±1,154",±524,±703,±368,±592,±284,±689,±334,±237,±778,±533,±213,±324,±230,±437,±367,±426,±885,±442,±321,±794,±702,±233,±260,±306,±261,±511,±251,±378,±264,±391,±393,±898,±197,"±2,245",±438,±363,"±1,220",±322,±217,"±1,031",±410,±360,±362,±605,±403,"±1,436",±947,±178,±440
            Some college or associate's degree,"±5,651",±308,±373,±579,"±1,584",±657,±213,±221,±554,±205,±376,±227,±398,±242,±423,±405,"±1,061",±829,±625,±354,±225,±227,±374,±942,±397,±318,"±1,351",±443,±686,±410,±704,±311,±614,±313,±303,±752,±355,±158,±313,±205,±214,±366,±379,±767,±365,±428,±633,±616,±182,±279,±230,±218,±423,±228,±450,±233,±354,±392,±579,±223,"±2,089",±412,±411,"±1,282",±246,±205,"±1,180",±280,±385,±360,±608,±279,"±1,524",±786,±199,±332
            Bachelor's degree or higher,"±6,903",±250,±249,±523,"±2,232",±617,±183,±123,±435,±188,±413,±224,±373,±181,±407,±336,"±1,090",±867,±484,±237,±124,±162,±394,"±1,149",±234,±281,"±1,056",±394,±476,±305,±539,±195,±436,±242,±236,±669,±417,±130,±236,±140,±198,±251,±275,±783,±254,±313,±622,±513,±148,±169,±185,±204,±319,±268,±307,±204,±257,±356,±831,±157,"±2,343",±285,±323,"±1,132",±210,±151,"±1,346",±254,±236,±278,±495,±249,"±1,882",±946,±139,±308
    EMPLOYMENT STATUS,,,,,,,,,,,,,,,,,,,,,,,,,,,,,,,,,,,,,,,,,,,,,,,,,,,,,,,,,,,,,,,,,,,,,,,,,,,,
        Civilian noninstitutionalized population 19 to 64 years,"±5,617",±193,±312,±437,"±1,349",±500,±219,±190,±468,±236,±337,±187,±309,±182,±384,±288,±884,±670,±435,±269,±175,±204,±266,"±1,015",±265,±214,±954,±323,±491,±345,±481,±239,±430,±339,±372,±779,±430,±110,±179,±198,±577,±166,±258,±680,±262,±261,±569,±390,±167,±227,±237,±157,±383,±179,±368,±165,±323,±278,±629,±149,"±1,990",±335,±444,±765,±249,±118,"±1,101",±400,±207,±246,±477,±298,"±1,405",±877,±130,±404
            In labor force,"±6,959",±264,±404,±688,"±1,583",±603,±260,±261,±468,±278,±443,±288,±479,±215,±575,±403,"±1,163",±789,±613,±315,±200,±248,±427,"±1,280",±377,±327,"±1,180",±349,±595,±491,±498,±239,±557,±348,±394,±959,±484,±186,±301,±247,±497,±251,±417,±951,±415,±381,±682,±579,±217,±284,±359,±233,±516,±271,±487,±242,±416,±340,±819,±183,"±2,761",±385,±474,±987,±338,±219,"±1,375",±423,±257,±378,±654,±460,"±1,878","±1,046",±191,±526
                Employed,"±6,537",±272,±414,±693,"±1,553",±599,±256,±217,±496,±290,±416,±291,±488,±224,±544,±393,"±1,181",±793,±678,±360,±218,±231,±426,"±1,231",±399,±356,"±1,183",±344,±611,±465,±523,±241,±585,±335,±357,±920,±503,±192,±315,±243,±464,±274,±455,"±1,037",±431,±386,±687,±536,±229,±275,±362,±221,±521,±302,±481,±242,±423,±353,±814,±189,"±2,696",±386,±466,"±1,115",±333,±223,"±1,402",±405,±260,±372,±610,±456,"±1,895","±1,050",±195,±490
                Unemployed,"±1,679",±99,±101,±176,±382,±170,±78,±153,±131,±89,±123,±68,±146,±68,±138,±122,±380,±189,±238,±156,±106,±77,±86,±302,±166,±117,±360,±72,±242,±121,±152,±114,±185,±159,±174,±295,±124,±53,±117,±147,±59,±123,±224,±287,±198,±68,±298,±238,±56,±50,±91,±87,±160,±77,±243,±67,±89,±135,±246,±50,±883,±57,±110,±455,±109,±45,±404,±155,±136,±103,±159,±104,±482,±299,±60,±112
            Not in labor force,"±5,005",±239,±345,±648,"±1,128",±489,±170,±175,±377,±218,±373,±233,±423,±209,±496,±320,"±1,016",±724,±488,±245,±133,±217,±392,"±1,084",±342,±305,±931,±348,±496,±445,±375,±224,±542,±282,±196,±769,±436,±162,±230,±227,±186,±243,±387,±712,±324,±347,±583,±484,±198,±190,±279,±225,±471,±197,±371,±223,±326,±256,±826,±141,"±2,171",±332,±378,±823,±218,±182,±864,±306,±247,±331,±533,±345,"±1,494",±798,±132,±389
    WORK EXPERIENCE,,,,,,,,,,,,,,,,,,,,,,,,,,,,,,,,,,,,,,,,,,,,,,,,,,,,,,,,,,,,,,,,,,,,,,,,,,,,
        Civilian noninstitutionalized population 19 to 64 years,"±5,617",±193,±312,±437,"±1,349",±500,±219,±190,±468,±236,±337,±187,±309,±182,±384,±288,±884,±670,±435,±269,±175,±204,±266,"±1,015",±265,±214,±954,±323,±491,±345,±481,±239,±430,±339,±372,±779,±430,±110,±179,±198,±577,±166,±258,±680,±262,±261,±569,±390,±167,±227,±237,±157,±383,±179,±368,±165,±323,±278,±629,±149,"±1,990",±335,±444,±765,±249,±118,"±1,101",±400,±207,±246,±477,±298,"±1,405",±877,±130,±404
"            Worked full-time, year round in the past 12 months","±5,708",±276,±391,±607,"±1,646",±604,±263,±223,±516,±247,±458,±304,±468,±270,±515,±479,"±1,191",±797,±632,±331,±231,±230,±415,"±1,350",±436,±367,"±1,066",±370,±605,±483,±550,±280,±591,±303,±285,"±1,022",±432,±199,±321,±205,±505,±278,±386,"±1,214",±417,±328,±773,±498,±225,±273,±377,±201,±502,±309,±506,±214,±355,±352,±748,±185,"±2,552",±352,±449,"±1,100",±312,±217,"±1,230",±415,±266,±332,±606,±348,"±1,822","±1,050",±209,±470
"            Worked less than full-time, year round in the past 12 months","±4,669",±250,±232,±485,"±1,078",±439,±137,±184,±440,±158,±454,±253,±298,±154,±344,±343,±967,±522,±442,±203,±165,±210,±333,"±1,163",±318,±241,±946,±222,±574,±247,±407,±233,±501,±242,±323,±632,±327,±114,±274,±171,±146,±217,±331,±633,±349,±241,±441,±483,±165,±178,±197,±205,±309,±249,±270,±203,±281,±263,±787,±131,"±1,855",±298,±366,±771,±211,±161,±883,±259,±274,±273,±383,±265,"±1,423",±799,±97,±345
            Did not work,"±4,596",±245,±323,±633,"±1,115",±431,±169,±175,±369,±205,±342,±196,±386,±238,±466,±319,±934,±724,±479,±247,±156,±220,±401,"±1,007",±375,±278,"±1,003",±355,±505,±418,±380,±204,±579,±269,±216,±802,±448,±161,±230,±237,±190,±272,±328,±767,±308,±347,±718,±472,±219,±195,±287,±219,±411,±201,±387,±210,±340,±253,±747,±153,"±1,979",±313,±380,±880,±229,±193,±841,±320,±260,±313,±486,±309,"±1,432",±855,±129,±355
    HOUSEHOLD INCOME (IN 2020 INFLATION-ADJUSTED DOLLARS),,,,,,,,,,,,,,,,,,,,,,,,,,,,,,,,,,,,,,,,,,,,,,,,,,,,,,,,,,,,,,,,,,,,,,,,,,,,
        Total household population,"±6,301",±192,±334,±483,"±1,670",±574,±272,±192,±691,±203,±487,±177,±356,±174,±410,±306,"±1,020",±697,±490,±325,±225,±257,±293,"±1,222",±332,±465,"±1,082",±334,±557,±389,±449,±476,±523,±413,±394,±850,±465,±141,±202,±219,±571,±190,±395,±826,±332,±282,±602,±444,±181,±248,±266,±174,±434,±183,±456,±172,±423,±304,±844,±155,"±2,361",±355,±499,±885,±225,±138,"±1,428",±372,±239,±323,±477,±324,"±1,931","±1,040",±169,±382
"            Under $25,000","±7,061",±464,±698,±897,"±1,571",±763,±294,±238,±505,±403,±598,±409,±444,±309,±731,±605,"±1,479","±1,198",±941,±448,±291,±569,±710,"±1,383",±707,±556,"±1,426",±438,±990,±586,±849,±557,±855,±429,±521,"±1,164",±646,±240,±321,±385,±365,±314,±469,"±1,175",±504,±483,"±1,128",±941,±255,±310,±361,±274,±879,±343,±745,±278,±570,±569,"±1,101",±211,"±3,194",±566,±633,"±1,079",±375,±341,"±1,364",±522,±438,±564,±865,±457,"±2,232","±1,339",±242,±506
"            $25,000 to $49,999","±9,784",±480,±711,±971,"±2,522",±772,±507,±276,±726,±442,±578,±528,±722,±517,±804,±693,"±1,715","±1,445","±1,016",±581,±268,±514,±569,"±1,666",±715,±431,"±1,705",±579,"±1,103",±688,±835,±497,±857,±509,±491,"±1,399",±860,±313,±517,±334,±339,±448,±654,"±1,199",±692,±527,"±1,052","±1,021",±266,±283,±351,±371,±804,±504,±494,±360,±611,±571,"±1,533",±289,"±3,363",±624,±665,"±1,798",±538,±339,"±2,292",±385,±670,±549,±834,±587,"±2,844","±1,449",±295,±865
"            $50,000 to $74,999","±8,027",±709,±564,"±1,087","±3,184",±941,±366,±275,±869,±412,±503,±420,±731,±331,±733,±566,"±1,640","±1,485",±907,±502,±294,±396,±463,"±1,711",±595,±388,"±1,870",±628,"±1,096",±646,±925,±434,"±1,032",±437,±458,"±1,371",±689,±268,±534,±286,±498,±507,±566,"±1,180",±463,±560,"±1,154","±1,035",±283,±353,±486,±382,±606,±452,±740,±345,±750,±563,"±1,177",±324,"±3,545",±554,±761,"±1,788",±463,±303,"±1,786",±612,±643,±619,±955,±504,"±2,437","±1,378",±264,±647
"            $75,000 to $99,999","±8,162",±572,±851,±854,"±2,670",±961,±349,±226,±842,±221,±543,±465,±666,±374,±564,±645,"±1,566","±1,187",±840,±548,±300,±312,±530,"±1,543",±899,±442,"±1,877",±648,±961,±597,±874,±372,"±1,006",±550,±281,"±1,013",±656,±169,±395,±302,±306,±371,±552,"±1,178",±460,±476,±948,±812,±312,±221,±258,±390,±656,±360,±451,±299,±516,±529,±905,±284,"±3,467",±684,±686,"±2,039",±343,±305,"±1,471",±500,±575,±397,±826,±345,"±2,056","±1,245",±276,±601
"            $100,000 and over","±9,778",±519,±727,±995,"±3,381","±1,022",±365,±305,±953,±262,±586,±331,±704,±389,±686,±717,"±1,988","±1,458",±998,±467,±306,±301,±711,"±2,211",±432,±485,"±1,424",±783,"±1,267",±733,±817,±401,"±1,138",±364,±419,"±1,228",±620,±262,±474,±266,±306,±456,±594,"±1,733",±665,±460,±912,±874,±194,±348,±290,±318,±702,±524,±510,±482,±518,±417,"±1,231",±245,"±3,900",±524,±469,"±2,341",±522,±307,"±2,373",±413,±459,±417,±980,±468,"±3,414","±1,780",±300,±579
    RATIO OF INCOME TO POVERTY LEVEL IN THE PAST 12 MONTHS,,,,,,,,,,,,,,,,,,,,,,,,,,,,,,,,,,,,,,,,,,,,,,,,,,,,,,,,,,,,,,,,,,,,,,,,,,,,
        Civilian noninstitutionalized population for whom poverty status is determined,"±6,227",±195,±334,±516,"±1,694",±611,±275,±192,±692,±206,±462,±186,±359,±174,±437,±312,"±1,019",±732,±572,±325,±225,±258,±307,"±1,246",±309,±456,"±1,081",±347,±601,±384,±457,±471,±528,±412,±399,±904,±451,±141,±203,±225,±572,±189,±326,±821,±338,±270,±619,±484,±181,±244,±278,±174,±432,±184,±423,±175,±439,±353,±848,±184,"±2,408",±388,±503,±943,±227,±147,"±1,452",±391,±268,±316,±452,±324,"±1,870","±1,069",±200,±389
            Below 138 percent of the poverty threshold,"±8,569",±437,±788,"±1,074","±2,453",±900,±401,±258,±705,±370,±674,±473,±513,±393,±781,±739,"±1,650","±1,571",±886,±513,±298,±590,±755,"±1,912",±819,±582,"±1,855",±408,"±1,105",±635,"±1,133",±641,±889,±488,±565,"±1,315",±770,±299,±401,±427,±411,±379,±508,"±1,268",±609,±563,"±1,105",±825,±246,±390,±391,±284,±795,±449,±816,±365,±562,±648,"±1,309",±309,"±3,142",±663,±672,"±1,535",±447,±393,"±1,579",±583,±587,±616,±894,±656,"±2,406","±1,567",±278,±774
            138 to 399 percent of the poverty threshold,"±10,931",±552,±774,"±1,347","±3,375","±1,284",±505,±313,±878,±403,±685,±489,±808,±449,±836,±780,"±2,006","±1,799","±1,260",±612,±413,±514,±764,"±2,487",±839,±629,"±1,854",±805,"±1,557",±878,"±1,297",±552,"±1,239",±611,±538,"±1,877","±1,010",±360,±592,±439,±542,±513,±650,"±1,632",±667,±689,"±1,413","±1,185",±382,±352,±544,±484,±845,±567,±819,±467,±636,±660,"±1,570",±334,"±4,577",±770,±851,"±2,195",±629,±390,"±2,149",±776,±718,±660,"±1,299",±679,"±3,594","±2,201",±392,±803
            At or above 400 percent of the poverty threshold,"±9,369",±506,±725,±977,"±3,458",±950,±376,±322,±851,±304,±548,±320,±611,±407,±716,±699,"±1,744","±1,470",±990,±546,±260,±293,±680,"±2,144",±463,±440,"±1,530",±770,"±1,179",±655,±934,±426,"±1,208",±440,±450,"±1,317",±659,±243,±427,±309,±349,±482,±564,"±1,610",±525,±513,"±1,030",±843,±255,±341,±323,±388,±679,±438,±559,±469,±609,±458,"±1,509",±334,"±4,066",±522,±499,"±2,278",±429,±312,"±2,162",±461,±462,±486,"±1,098",±483,"±3,228","±1,595",±361,±647
            Below 100 percent of the poverty threshold,"±6,950",±428,±571,±733,"±1,769",±878,±272,±186,±609,±366,±666,±383,±582,±277,±723,±623,"±1,450","±1,357",±872,±483,±224,±446,±687,"±1,414",±693,±526,"±1,568",±420,"±1,028",±539,±891,±585,±861,±371,±495,"±1,277",±653,±265,±326,±321,±352,±339,±455,"±1,128",±498,±448,±972,±798,±232,±296,±342,±204,±807,±336,±726,±287,±560,±578,"±1,159",±190,"±3,079",±565,±703,±941,±355,±362,"±1,461",±606,±513,±480,±965,±445,"±2,120","±1,249",±234,±483
